,timestamp,open,high,low,close
0,2021-07-26 17:33:00,1.18117,1.1812,1.181,1.18116
1,2021-07-26 17:32:00,1.18117,1.1812,1.181,1.18117
2,2021-07-26 17:31:00,1.18123,1.18123,1.181,1.1811
3,2021-07-26 17:30:00,1.18116,1.18123,1.181,1.181
4,2021-07-26 17:29:00,1.18119,1.18122,1.181,1.18114
5,2021-07-26 17:28:00,1.18114,1.18121,1.181,1.181
6,2021-07-26 17:27:00,1.18114,1.18117,1.181,1.181
7,2021-07-26 17:26:00,1.1812,1.1812,1.181,1.18116
8,2021-07-26 17:25:00,1.18112,1.18124,1.181,1.18119
9,2021-07-26 17:24:00,1.18111,1.18114,1.181,1.18113
10,2021-07-26 17:23:00,1.18109,1.18114,1.181,1.18111
11,2021-07-26 17:22:00,1.181,1.1812,1.1809,1.181
12,2021-07-26 17:21:00,1.18114,1.18117,1.181,1.18114
13,2021-07-26 17:20:00,1.18114,1.1812,1.1809,1.181
14,2021-07-26 17:19:00,1.18109,1.18114,1.181,1.181
15,2021-07-26 17:18:00,1.18112,1.18117,1.1809,1.18109
16,2021-07-26 17:17:00,1.18112,1.18114,1.1809,1.18112
17,2021-07-26 17:16:00,1.1811,1.18113,1.1809,1.181
18,2021-07-26 17:15:00,1.18107,1.18111,1.1808,1.181
19,2021-07-26 17:14:00,1.18107,1.1811,1.1809,1.18107
20,2021-07-26 17:13:00,1.18112,1.18117,1.1809,1.181
21,2021-07-26 17:12:00,1.18117,1.1812,1.1809,1.18113
22,2021-07-26 17:11:00,1.18114,1.18121,1.181,1.18117
23,2021-07-26 17:10:00,1.18117,1.1812,1.1809,1.18116
24,2021-07-26 17:09:00,1.18123,1.18123,1.181,1.18117
25,2021-07-26 17:08:00,1.1812,1.18127,1.181,1.181
26,2021-07-26 17:07:00,1.18124,1.1813,1.181,1.18126
27,2021-07-26 17:06:00,1.18121,1.18131,1.181,1.1812
28,2021-07-26 17:05:00,1.1812,1.18127,1.181,1.18123
29,2021-07-26 17:04:00,1.18129,1.18133,1.1809,1.1811
30,2021-07-26 17:03:00,1.18129,1.18131,1.1811,1.18128
31,2021-07-26 17:02:00,1.18126,1.18133,1.181,1.1813
32,2021-07-26 17:01:00,1.18121,1.1813,1.1811,1.1811
33,2021-07-26 17:00:00,1.18121,1.18124,1.181,1.18123
34,2021-07-26 16:59:00,1.18117,1.18123,1.181,1.18123
35,2021-07-26 16:58:00,1.18117,1.18134,1.1809,1.18116
36,2021-07-26 16:57:00,1.18117,1.18122,1.1809,1.18117
37,2021-07-26 16:56:00,1.181,1.1812,1.181,1.18117
38,2021-07-26 16:55:00,1.18114,1.1812,1.1809,1.18117
39,2021-07-26 16:54:00,1.18114,1.18116,1.1809,1.181
40,2021-07-26 16:53:00,1.181,1.18114,1.1809,1.1809
41,2021-07-26 16:52:00,1.18112,1.18116,1.1809,1.18107
42,2021-07-26 16:51:00,1.18117,1.1812,1.1809,1.181
43,2021-07-26 16:50:00,1.181,1.18121,1.181,1.18117
44,2021-07-26 16:49:00,1.18104,1.18106,1.1808,1.18105
45,2021-07-26 16:48:00,1.18104,1.18105,1.1809,1.1809
46,2021-07-26 16:47:00,1.18104,1.18106,1.1808,1.18103
47,2021-07-26 16:46:00,1.18103,1.1811,1.1808,1.18105
48,2021-07-26 16:45:00,1.18102,1.1811,1.1809,1.18104
49,2021-07-26 16:44:00,1.18099,1.18103,1.1809,1.18102
50,2021-07-26 16:43:00,1.18099,1.18103,1.1809,1.181
51,2021-07-26 16:42:00,1.18093,1.181,1.1808,1.18097
52,2021-07-26 16:41:00,1.18099,1.181,1.1808,1.18094
53,2021-07-26 16:40:00,1.18099,1.18102,1.1808,1.18097
54,2021-07-26 16:39:00,1.18102,1.18105,1.1808,1.18097
55,2021-07-26 16:38:00,1.18099,1.18103,1.1809,1.18102
56,2021-07-26 16:37:00,1.181,1.181,1.1808,1.18097
57,2021-07-26 16:36:00,1.18104,1.18106,1.1808,1.1808
58,2021-07-26 16:35:00,1.18093,1.18106,1.1808,1.18102
59,2021-07-26 16:34:00,1.18097,1.18097,1.1807,1.18092
60,2021-07-26 16:33:00,1.18099,1.181,1.1808,1.18096
61,2021-07-26 16:32:00,1.18095,1.181,1.1808,1.18095
62,2021-07-26 16:31:00,1.18089,1.18095,1.1807,1.18094
63,2021-07-26 16:30:00,1.18077,1.1809,1.1807,1.18088
64,2021-07-26 16:29:00,1.18086,1.18086,1.1806,1.1806
65,2021-07-26 16:28:00,1.18087,1.1809,1.1807,1.1808
66,2021-07-26 16:27:00,1.18086,1.1809,1.1807,1.18083
67,2021-07-26 16:26:00,1.1809,1.18094,1.1807,1.1808
68,2021-07-26 16:25:00,1.18094,1.18102,1.1808,1.1809
69,2021-07-26 16:24:00,1.18085,1.18097,1.1807,1.1808
70,2021-07-26 16:23:00,1.1808,1.1809,1.1806,1.18083
71,2021-07-26 16:22:00,1.18075,1.18087,1.1806,1.18083
72,2021-07-26 16:21:00,1.18088,1.1809,1.1805,1.18072
73,2021-07-26 16:20:00,1.18093,1.181,1.1807,1.18089
74,2021-07-26 16:19:00,1.1809,1.18104,1.1808,1.1809
75,2021-07-26 16:18:00,1.1809,1.1811,1.1808,1.18103
76,2021-07-26 16:17:00,1.18116,1.1812,1.1809,1.18106
77,2021-07-26 16:16:00,1.1811,1.1812,1.181,1.181
78,2021-07-26 16:15:00,1.1811,1.18113,1.1809,1.1811
79,2021-07-26 16:14:00,1.18107,1.18117,1.1809,1.18107
80,2021-07-26 16:13:00,1.18087,1.18107,1.1807,1.18107
81,2021-07-26 16:12:00,1.18083,1.1809,1.1806,1.1808
82,2021-07-26 16:11:00,1.18083,1.18083,1.1806,1.1808
83,2021-07-26 16:10:00,1.1809,1.18092,1.1807,1.1807
84,2021-07-26 16:09:00,1.18097,1.18099,1.1807,1.1807
85,2021-07-26 16:08:00,1.18097,1.181,1.1808,1.18097
86,2021-07-26 16:07:00,1.18099,1.18099,1.1807,1.18097
87,2021-07-26 16:06:00,1.18094,1.181,1.1808,1.181
88,2021-07-26 16:05:00,1.18103,1.18105,1.1808,1.18092
89,2021-07-26 16:04:00,1.1811,1.18114,1.1808,1.18103
90,2021-07-26 16:03:00,1.18097,1.18113,1.1808,1.18113
91,2021-07-26 16:02:00,1.18086,1.18107,1.1807,1.18097
92,2021-07-26 16:01:00,1.18083,1.1809,1.1807,1.1808
93,2021-07-26 16:00:00,1.18099,1.18102,1.1808,1.18095
94,2021-07-26 15:59:00,1.18097,1.18104,1.1807,1.18097
95,2021-07-26 15:58:00,1.18097,1.18103,1.1807,1.18099
96,2021-07-26 15:57:00,1.18097,1.181,1.1807,1.18096
97,2021-07-26 15:56:00,1.18103,1.18106,1.1808,1.18099
98,2021-07-26 15:55:00,1.18107,1.1811,1.1809,1.1809
99,2021-07-26 15:54:00,1.18105,1.1811,1.1809,1.18107
100,2021-07-26 15:53:00,1.1809,1.18111,1.1809,1.18103
101,2021-07-26 15:52:00,1.18107,1.18111,1.1809,1.181
102,2021-07-26 15:51:00,1.18107,1.18111,1.1809,1.18105
103,2021-07-26 15:50:00,1.1811,1.18112,1.1809,1.1809
104,2021-07-26 15:49:00,1.18107,1.1812,1.1809,1.1811
105,2021-07-26 15:48:00,1.18097,1.1811,1.1808,1.18106
106,2021-07-26 15:47:00,1.18097,1.18102,1.1807,1.18099
107,2021-07-26 15:46:00,1.18099,1.181,1.1808,1.18096
108,2021-07-26 15:45:00,1.18097,1.181,1.1807,1.18097
109,2021-07-26 15:44:00,1.18096,1.18097,1.1807,1.1809
110,2021-07-26 15:43:00,1.1811,1.18112,1.1808,1.18097
111,2021-07-26 15:42:00,1.18119,1.18121,1.1809,1.1811
112,2021-07-26 15:41:00,1.18106,1.18121,1.1809,1.18117
113,2021-07-26 15:40:00,1.18096,1.1811,1.1808,1.18107
114,2021-07-26 15:39:00,1.181,1.18103,1.1808,1.1809
115,2021-07-26 15:38:00,1.18103,1.18107,1.1808,1.181
116,2021-07-26 15:37:00,1.18097,1.18113,1.1808,1.18103
117,2021-07-26 15:36:00,1.1808,1.181,1.1807,1.18097
118,2021-07-26 15:35:00,1.18086,1.18096,1.1807,1.18094
119,2021-07-26 15:34:00,1.18097,1.18097,1.1807,1.1808
120,2021-07-26 15:33:00,1.1809,1.181,1.1807,1.1808
121,2021-07-26 15:32:00,1.18087,1.18095,1.1807,1.1809
122,2021-07-26 15:31:00,1.18087,1.1809,1.1807,1.18087
123,2021-07-26 15:30:00,1.18092,1.18093,1.1806,1.1808
124,2021-07-26 15:29:00,1.18107,1.1811,1.1807,1.1809
125,2021-07-26 15:28:00,1.18111,1.18114,1.1808,1.18107
126,2021-07-26 15:27:00,1.18097,1.18111,1.1808,1.18111
127,2021-07-26 15:26:00,1.181,1.18107,1.1808,1.18097
128,2021-07-26 15:25:00,1.18113,1.18113,1.1808,1.18103
129,2021-07-26 15:24:00,1.18116,1.18123,1.1809,1.18111
130,2021-07-26 15:23:00,1.181,1.1812,1.1809,1.18117
131,2021-07-26 15:22:00,1.18117,1.18122,1.1809,1.181
132,2021-07-26 15:21:00,1.18119,1.1812,1.1808,1.18117
133,2021-07-26 15:20:00,1.18128,1.18128,1.181,1.18117
134,2021-07-26 15:19:00,1.1813,1.18138,1.1811,1.18128
135,2021-07-26 15:18:00,1.18134,1.1814,1.1811,1.1811
136,2021-07-26 15:17:00,1.18128,1.18137,1.1811,1.18133
137,2021-07-26 15:16:00,1.18127,1.1813,1.1811,1.18128
138,2021-07-26 15:15:00,1.18123,1.18131,1.181,1.18128
139,2021-07-26 15:14:00,1.1813,1.18134,1.181,1.18119
140,2021-07-26 15:13:00,1.18133,1.18149,1.1812,1.18131
141,2021-07-26 15:12:00,1.1811,1.18148,1.181,1.1813
142,2021-07-26 15:11:00,1.18119,1.18123,1.181,1.18119
143,2021-07-26 15:10:00,1.18119,1.18123,1.181,1.1812
144,2021-07-26 15:09:00,1.18121,1.18126,1.1809,1.18119
145,2021-07-26 15:08:00,1.18128,1.1813,1.1809,1.18122
146,2021-07-26 15:07:00,1.18128,1.18136,1.1811,1.18126
147,2021-07-26 15:06:00,1.18116,1.18133,1.181,1.18129
148,2021-07-26 15:05:00,1.1811,1.18124,1.1809,1.18114
149,2021-07-26 15:04:00,1.18095,1.18124,1.1808,1.1811
150,2021-07-26 15:03:00,1.18085,1.18095,1.1806,1.1808
151,2021-07-26 15:02:00,1.1807,1.18085,1.1805,1.18083
152,2021-07-26 15:01:00,1.18085,1.18094,1.1805,1.18069
153,2021-07-26 15:00:00,1.18077,1.18094,1.1805,1.18085
154,2021-07-26 14:59:00,1.18073,1.18083,1.1805,1.18078
155,2021-07-26 14:58:00,1.18076,1.18083,1.1805,1.18072
156,2021-07-26 14:57:00,1.1809,1.1811,1.1805,1.1807
157,2021-07-26 14:56:00,1.18105,1.18112,1.1807,1.18093
158,2021-07-26 14:55:00,1.18116,1.18117,1.1808,1.18106
159,2021-07-26 14:54:00,1.18138,1.18141,1.181,1.18116
160,2021-07-26 14:53:00,1.18136,1.18146,1.1811,1.18134
161,2021-07-26 14:52:00,1.18148,1.18149,1.1811,1.1812
162,2021-07-26 14:51:00,1.18155,1.18167,1.1813,1.18149
163,2021-07-26 14:50:00,1.1815,1.18168,1.1813,1.1815
164,2021-07-26 14:49:00,1.18134,1.18154,1.1811,1.18151
165,2021-07-26 14:48:00,1.18144,1.18148,1.1811,1.18134
166,2021-07-26 14:47:00,1.18123,1.18144,1.181,1.18141
167,2021-07-26 14:46:00,1.18124,1.18128,1.181,1.18122
168,2021-07-26 14:45:00,1.18117,1.18131,1.1809,1.1812
169,2021-07-26 14:44:00,1.1809,1.18122,1.1807,1.18114
170,2021-07-26 14:43:00,1.18088,1.18097,1.1807,1.18089
171,2021-07-26 14:42:00,1.18109,1.18113,1.1807,1.1808
172,2021-07-26 14:41:00,1.18085,1.18113,1.1807,1.18111
173,2021-07-26 14:40:00,1.18093,1.18099,1.1807,1.1807
174,2021-07-26 14:39:00,1.181,1.18102,1.1807,1.1808
175,2021-07-26 14:38:00,1.18097,1.18107,1.1807,1.18097
176,2021-07-26 14:37:00,1.18086,1.18097,1.1806,1.18096
177,2021-07-26 14:36:00,1.18097,1.181,1.1806,1.18085
178,2021-07-26 14:35:00,1.1811,1.18117,1.1808,1.18095
179,2021-07-26 14:34:00,1.18104,1.18116,1.1808,1.18111
180,2021-07-26 14:33:00,1.1812,1.1812,1.1808,1.1809
181,2021-07-26 14:32:00,1.18119,1.18123,1.1809,1.18121
182,2021-07-26 14:31:00,1.18111,1.18137,1.1809,1.18119
183,2021-07-26 14:30:00,1.18121,1.18128,1.1809,1.18111
184,2021-07-26 14:29:00,1.18127,1.18141,1.181,1.1812
185,2021-07-26 14:28:00,1.18117,1.1813,1.1809,1.18124
186,2021-07-26 14:27:00,1.18116,1.1812,1.1809,1.18117
187,2021-07-26 14:26:00,1.18117,1.18123,1.1809,1.18114
188,2021-07-26 14:25:00,1.1813,1.18131,1.181,1.18114
189,2021-07-26 14:24:00,1.18124,1.1813,1.181,1.1812
190,2021-07-26 14:23:00,1.18143,1.18151,1.181,1.1811
191,2021-07-26 14:22:00,1.18141,1.18161,1.1812,1.18143
192,2021-07-26 14:21:00,1.18156,1.18163,1.1813,1.18141
193,2021-07-26 14:20:00,1.18148,1.18158,1.1813,1.1815
194,2021-07-26 14:19:00,1.18157,1.18168,1.1812,1.18148
195,2021-07-26 14:18:00,1.18151,1.18173,1.1814,1.18157
196,2021-07-26 14:17:00,1.18143,1.18156,1.1813,1.18151
197,2021-07-26 14:16:00,1.18121,1.1815,1.1811,1.18144
198,2021-07-26 14:15:00,1.18099,1.18127,1.1809,1.18121
199,2021-07-26 14:14:00,1.1809,1.18103,1.1807,1.18097
200,2021-07-26 14:13:00,1.1808,1.18097,1.1806,1.18093
201,2021-07-26 14:12:00,1.18067,1.18097,1.1805,1.1808
202,2021-07-26 14:11:00,1.18065,1.18073,1.18039,1.18066
203,2021-07-26 14:10:00,1.18073,1.18078,1.18039,1.18065
204,2021-07-26 14:09:00,1.181,1.18102,1.1805,1.1807
205,2021-07-26 14:08:00,1.18066,1.181,1.1806,1.181
206,2021-07-26 14:07:00,1.18045,1.1807,1.18029,1.18068
207,2021-07-26 14:06:00,1.1805,1.18067,1.18029,1.18046
208,2021-07-26 14:05:00,1.18009,1.18053,1.18009,1.18052
209,2021-07-26 14:04:00,1.18009,1.18038,1.18,1.18019
210,2021-07-26 14:03:00,1.18049,1.18049,1.18009,1.18024
211,2021-07-26 14:02:00,1.18055,1.18059,1.18019,1.18046
212,2021-07-26 14:01:00,1.1806,1.18068,1.18029,1.18055
213,2021-07-26 14:00:00,1.1806,1.18066,1.18029,1.18061
214,2021-07-26 13:59:00,1.18056,1.1808,1.18039,1.1805
215,2021-07-26 13:58:00,1.18073,1.18076,1.17999,1.18055
216,2021-07-26 13:57:00,1.18072,1.18086,1.1805,1.18073
217,2021-07-26 13:56:00,1.18063,1.1808,1.18039,1.1807
218,2021-07-26 13:55:00,1.18075,1.18076,1.1805,1.1805
219,2021-07-26 13:54:00,1.18065,1.1808,1.1805,1.1807
220,2021-07-26 13:53:00,1.1806,1.18072,1.18039,1.1805
221,2021-07-26 13:52:00,1.18073,1.18077,1.18039,1.1806
222,2021-07-26 13:51:00,1.18083,1.1809,1.1806,1.18073
223,2021-07-26 13:50:00,1.1809,1.18107,1.1806,1.18082
224,2021-07-26 13:49:00,1.18093,1.18107,1.1807,1.1809
225,2021-07-26 13:48:00,1.1809,1.18107,1.1807,1.18095
226,2021-07-26 13:47:00,1.18095,1.18097,1.1806,1.18089
227,2021-07-26 13:46:00,1.18082,1.18107,1.1806,1.18095
228,2021-07-26 13:45:00,1.18082,1.181,1.1806,1.1808
229,2021-07-26 13:44:00,1.1807,1.18083,1.1805,1.18083
230,2021-07-26 13:43:00,1.18063,1.1808,1.1805,1.18069
231,2021-07-26 13:42:00,1.1808,1.18085,1.18039,1.18063
232,2021-07-26 13:41:00,1.181,1.1811,1.1807,1.1808
233,2021-07-26 13:40:00,1.18095,1.18117,1.1808,1.1811
234,2021-07-26 13:39:00,1.18069,1.18104,1.1806,1.18096
235,2021-07-26 13:38:00,1.18046,1.1807,1.18019,1.18066
236,2021-07-26 13:37:00,1.18045,1.1805,1.18009,1.18046
237,2021-07-26 13:36:00,1.18024,1.1806,1.18,1.18041
238,2021-07-26 13:35:00,1.17961,1.18029,1.1794,1.18029
239,2021-07-26 13:34:00,1.17917,1.17974,1.1791,1.17961
240,2021-07-26 13:33:00,1.17919,1.17926,1.179,1.17917
241,2021-07-26 13:32:00,1.17914,1.17926,1.1789,1.17917
242,2021-07-26 13:31:00,1.1789,1.1792,1.1787,1.17914
243,2021-07-26 13:30:00,1.17883,1.17894,1.1785,1.17893
244,2021-07-26 13:29:00,1.17855,1.17885,1.17839,1.17884
245,2021-07-26 13:28:00,1.17856,1.1786,1.17829,1.17856
246,2021-07-26 13:27:00,1.17875,1.17877,1.17839,1.17856
247,2021-07-26 13:26:00,1.17862,1.17875,1.17839,1.17873
248,2021-07-26 13:25:00,1.17853,1.17867,1.17839,1.1785
249,2021-07-26 13:24:00,1.17882,1.17882,1.17839,1.1786
250,2021-07-26 13:23:00,1.17863,1.17883,1.1785,1.1788
251,2021-07-26 13:22:00,1.17849,1.17863,1.17829,1.1786
252,2021-07-26 13:21:00,1.1786,1.17862,1.17829,1.17829
253,2021-07-26 13:20:00,1.17862,1.17866,1.17839,1.17861
254,2021-07-26 13:19:00,1.17846,1.17863,1.17829,1.1786
255,2021-07-26 13:18:00,1.17859,1.17862,1.17829,1.17829
256,2021-07-26 13:17:00,1.17839,1.17867,1.17839,1.1785
257,2021-07-26 13:16:00,1.17859,1.17861,1.17829,1.17859
258,2021-07-26 13:15:00,1.17872,1.17872,1.17839,1.1786
259,2021-07-26 13:14:00,1.17876,1.1788,1.1785,1.1787
260,2021-07-26 13:13:00,1.1786,1.17877,1.17839,1.17873
261,2021-07-26 13:12:00,1.17865,1.17867,1.17839,1.1785
262,2021-07-26 13:11:00,1.17859,1.1787,1.17839,1.1785
263,2021-07-26 13:10:00,1.17856,1.17873,1.17829,1.17858
264,2021-07-26 13:09:00,1.17843,1.17858,1.17809,1.1785
265,2021-07-26 13:08:00,1.17841,1.17844,1.17819,1.17839
266,2021-07-26 13:07:00,1.17815,1.17846,1.178,1.17839
267,2021-07-26 13:06:00,1.17808,1.17819,1.1779,1.17816
268,2021-07-26 13:05:00,1.17801,1.17811,1.1778,1.17806
269,2021-07-26 13:04:00,1.17815,1.17819,1.1778,1.1779
270,2021-07-26 13:03:00,1.17816,1.17825,1.1779,1.17812
271,2021-07-26 13:02:00,1.17828,1.17829,1.178,1.17819
272,2021-07-26 13:01:00,1.17805,1.17832,1.17798,1.17824
273,2021-07-26 13:00:00,1.17829,1.17835,1.1779,1.17804
274,2021-07-26 12:59:00,1.17819,1.17839,1.17809,1.17831
275,2021-07-26 12:58:00,1.17844,1.1785,1.17819,1.17829
276,2021-07-26 12:57:00,1.17809,1.17845,1.178,1.17844
277,2021-07-26 12:56:00,1.17802,1.17819,1.1778,1.17812
278,2021-07-26 12:55:00,1.17795,1.17804,1.1778,1.178
279,2021-07-26 12:54:00,1.17798,1.178,1.1777,1.1779
280,2021-07-26 12:53:00,1.1779,1.17809,1.1778,1.17797
281,2021-07-26 12:52:00,1.17814,1.17816,1.1779,1.17806
282,2021-07-26 12:51:00,1.17818,1.17829,1.178,1.17812
283,2021-07-26 12:50:00,1.17831,1.17832,1.178,1.17819
284,2021-07-26 12:49:00,1.17838,1.17838,1.17809,1.17829
285,2021-07-26 12:48:00,1.17838,1.17844,1.17809,1.17838
286,2021-07-26 12:47:00,1.17839,1.17853,1.17819,1.17838
287,2021-07-26 12:46:00,1.17859,1.17869,1.17829,1.17853
288,2021-07-26 12:45:00,1.17829,1.1787,1.17819,1.17868
289,2021-07-26 12:44:00,1.17838,1.17848,1.17819,1.17846
290,2021-07-26 12:43:00,1.17818,1.17839,1.17809,1.17829
291,2021-07-26 12:42:00,1.17809,1.17832,1.178,1.17809
292,2021-07-26 12:41:00,1.17809,1.17836,1.178,1.17809
293,2021-07-26 12:40:00,1.17829,1.17845,1.178,1.178
294,2021-07-26 12:39:00,1.17839,1.1785,1.17809,1.17819
295,2021-07-26 12:38:00,1.17856,1.17861,1.17819,1.17833
296,2021-07-26 12:37:00,1.17853,1.17863,1.17829,1.17856
297,2021-07-26 12:36:00,1.1785,1.17875,1.17839,1.1786
298,2021-07-26 12:35:00,1.1787,1.17872,1.1785,1.17863
299,2021-07-26 12:34:00,1.17839,1.17872,1.17839,1.1787
300,2021-07-26 12:33:00,1.1786,1.17872,1.17839,1.17858
301,2021-07-26 12:32:00,1.17856,1.17875,1.17839,1.17869
302,2021-07-26 12:31:00,1.17853,1.17872,1.17839,1.17856
303,2021-07-26 12:30:00,1.17869,1.1788,1.17839,1.1785
304,2021-07-26 12:29:00,1.17879,1.17893,1.1786,1.17877
305,2021-07-26 12:28:00,1.17907,1.1791,1.1787,1.17887
306,2021-07-26 12:27:00,1.17909,1.17914,1.1789,1.17909
307,2021-07-26 12:26:00,1.17903,1.1791,1.1788,1.17906
308,2021-07-26 12:25:00,1.179,1.17917,1.1788,1.179
309,2021-07-26 12:24:00,1.179,1.17914,1.1789,1.17907
310,2021-07-26 12:23:00,1.17885,1.17912,1.1787,1.17909
311,2021-07-26 12:22:00,1.1787,1.17894,1.1786,1.1789
312,2021-07-26 12:21:00,1.17886,1.1789,1.1786,1.17878
313,2021-07-26 12:20:00,1.17878,1.17895,1.1785,1.17877
314,2021-07-26 12:19:00,1.17882,1.17882,1.1785,1.17869
315,2021-07-26 12:18:00,1.17888,1.1789,1.1786,1.17882
316,2021-07-26 12:17:00,1.17873,1.17899,1.1785,1.1787
317,2021-07-26 12:16:00,1.17866,1.17878,1.17839,1.1786
318,2021-07-26 12:15:00,1.17866,1.17873,1.17839,1.17858
319,2021-07-26 12:14:00,1.17873,1.17875,1.17839,1.17859
320,2021-07-26 12:13:00,1.17882,1.17895,1.1786,1.17872
321,2021-07-26 12:12:00,1.1789,1.17903,1.1787,1.17885
322,2021-07-26 12:11:00,1.1791,1.1791,1.1788,1.179
323,2021-07-26 12:10:00,1.179,1.1791,1.1788,1.17899
324,2021-07-26 12:09:00,1.179,1.17906,1.1788,1.17895
325,2021-07-26 12:08:00,1.17928,1.17929,1.1788,1.1789
326,2021-07-26 12:07:00,1.1793,1.17934,1.1791,1.17919
327,2021-07-26 12:06:00,1.17921,1.1793,1.179,1.17928
328,2021-07-26 12:05:00,1.17938,1.17941,1.179,1.17913
329,2021-07-26 12:04:00,1.17933,1.1794,1.1791,1.1792
330,2021-07-26 12:03:00,1.17926,1.17937,1.1791,1.17934
331,2021-07-26 12:02:00,1.17912,1.17926,1.179,1.17924
332,2021-07-26 12:01:00,1.17922,1.17928,1.1789,1.17911
333,2021-07-26 12:00:00,1.17927,1.1794,1.179,1.17921
334,2021-07-26 11:59:00,1.17909,1.17927,1.1789,1.17924
335,2021-07-26 11:58:00,1.17917,1.17923,1.1789,1.17907
336,2021-07-26 11:57:00,1.17926,1.1793,1.179,1.17917
337,2021-07-26 11:56:00,1.1794,1.17943,1.179,1.17926
338,2021-07-26 11:55:00,1.17951,1.17954,1.1792,1.17944
339,2021-07-26 11:54:00,1.17955,1.17958,1.1793,1.17951
340,2021-07-26 11:53:00,1.17961,1.17968,1.1794,1.17956
341,2021-07-26 11:52:00,1.17964,1.17966,1.1794,1.1796
342,2021-07-26 11:51:00,1.17968,1.17974,1.1794,1.17965
343,2021-07-26 11:50:00,1.17954,1.1797,1.1794,1.17966
344,2021-07-26 11:49:00,1.17947,1.1796,1.1793,1.17954
345,2021-07-26 11:48:00,1.17958,1.17961,1.1793,1.17947
346,2021-07-26 11:47:00,1.17958,1.17964,1.1794,1.17954
347,2021-07-26 11:46:00,1.17958,1.17971,1.1794,1.17958
348,2021-07-26 11:45:00,1.1793,1.1796,1.1793,1.17958
349,2021-07-26 11:44:00,1.17944,1.17947,1.1792,1.17941
350,2021-07-26 11:43:00,1.1793,1.17946,1.1792,1.17946
351,2021-07-26 11:42:00,1.17945,1.17956,1.1792,1.17941
352,2021-07-26 11:41:00,1.17945,1.17947,1.1792,1.17941
353,2021-07-26 11:40:00,1.17938,1.17947,1.1791,1.1793
354,2021-07-26 11:39:00,1.17933,1.17945,1.1792,1.1792
355,2021-07-26 11:38:00,1.1794,1.17953,1.1792,1.17931
356,2021-07-26 11:37:00,1.17955,1.17957,1.1793,1.1793
357,2021-07-26 11:36:00,1.17943,1.17958,1.1791,1.17945
358,2021-07-26 11:35:00,1.17926,1.17945,1.1791,1.17941
359,2021-07-26 11:34:00,1.17938,1.17939,1.179,1.1791
360,2021-07-26 11:33:00,1.17937,1.17949,1.1792,1.17938
361,2021-07-26 11:32:00,1.17936,1.1794,1.1791,1.1792
362,2021-07-26 11:31:00,1.17931,1.17938,1.1791,1.17934
363,2021-07-26 11:30:00,1.1792,1.17937,1.1791,1.1793
364,2021-07-26 11:29:00,1.17924,1.17939,1.1791,1.17931
365,2021-07-26 11:28:00,1.1793,1.17934,1.179,1.17924
366,2021-07-26 11:27:00,1.17922,1.1794,1.1791,1.17934
367,2021-07-26 11:26:00,1.17927,1.17931,1.179,1.1792
368,2021-07-26 11:25:00,1.17926,1.17936,1.179,1.17927
369,2021-07-26 11:24:00,1.17923,1.1793,1.179,1.17924
370,2021-07-26 11:23:00,1.1788,1.17922,1.1788,1.17922
371,2021-07-26 11:22:00,1.17912,1.17919,1.1787,1.17883
372,2021-07-26 11:21:00,1.17919,1.1792,1.1789,1.179
373,2021-07-26 11:20:00,1.1792,1.17928,1.179,1.17917
374,2021-07-26 11:19:00,1.17927,1.1793,1.179,1.1791
375,2021-07-26 11:18:00,1.1792,1.17939,1.1791,1.17926
376,2021-07-26 11:17:00,1.17939,1.17941,1.1791,1.17931
377,2021-07-26 11:16:00,1.17947,1.17947,1.1792,1.1793
378,2021-07-26 11:15:00,1.1794,1.17951,1.1793,1.17947
379,2021-07-26 11:14:00,1.17941,1.1795,1.1792,1.17941
380,2021-07-26 11:13:00,1.1795,1.17957,1.1793,1.17944
381,2021-07-26 11:12:00,1.17941,1.17963,1.1792,1.17957
382,2021-07-26 11:11:00,1.1793,1.17944,1.1792,1.1793
383,2021-07-26 11:10:00,1.1793,1.1794,1.179,1.17936
384,2021-07-26 11:09:00,1.17904,1.17931,1.1789,1.17927
385,2021-07-26 11:08:00,1.1789,1.17911,1.1789,1.17907
386,2021-07-26 11:07:00,1.17909,1.1791,1.1788,1.1789
387,2021-07-26 11:06:00,1.17906,1.17911,1.1789,1.17907
388,2021-07-26 11:05:00,1.17905,1.17916,1.1789,1.17906
389,2021-07-26 11:04:00,1.17894,1.17907,1.1787,1.17906
390,2021-07-26 11:03:00,1.1787,1.17893,1.1786,1.1788
391,2021-07-26 11:02:00,1.17886,1.17892,1.1786,1.17885
392,2021-07-26 11:01:00,1.17911,1.17911,1.1787,1.1787
393,2021-07-26 11:00:00,1.17917,1.17923,1.1789,1.179
394,2021-07-26 10:59:00,1.17926,1.17926,1.179,1.17917
395,2021-07-26 10:58:00,1.17931,1.17933,1.179,1.17926
396,2021-07-26 10:57:00,1.17922,1.17936,1.1791,1.17931
397,2021-07-26 10:56:00,1.1791,1.17927,1.179,1.17921
398,2021-07-26 10:55:00,1.1791,1.1793,1.179,1.17922
399,2021-07-26 10:54:00,1.17936,1.17936,1.1791,1.17924
400,2021-07-26 10:53:00,1.1793,1.17948,1.1792,1.17934
401,2021-07-26 10:52:00,1.1795,1.17958,1.1793,1.17946
402,2021-07-26 10:51:00,1.17961,1.17966,1.1794,1.17958
403,2021-07-26 10:50:00,1.17958,1.17968,1.1794,1.17961
404,2021-07-26 10:49:00,1.17965,1.17965,1.1794,1.1796
405,2021-07-26 10:48:00,1.1797,1.17975,1.1795,1.1795
406,2021-07-26 10:47:00,1.17975,1.1798,1.1796,1.17975
407,2021-07-26 10:46:00,1.17977,1.17981,1.1796,1.1797
408,2021-07-26 10:45:00,1.17974,1.17983,1.1796,1.17978
409,2021-07-26 10:44:00,1.17958,1.17975,1.1794,1.17975
410,2021-07-26 10:43:00,1.17955,1.17961,1.1794,1.1795
411,2021-07-26 10:42:00,1.1795,1.17973,1.1794,1.17956
412,2021-07-26 10:41:00,1.17957,1.17968,1.1794,1.17965
413,2021-07-26 10:40:00,1.17968,1.17968,1.1793,1.17957
414,2021-07-26 10:39:00,1.1796,1.17978,1.1795,1.17966
415,2021-07-26 10:38:00,1.17964,1.17975,1.1794,1.1797
416,2021-07-26 10:37:00,1.1795,1.17973,1.1794,1.1795
417,2021-07-26 10:36:00,1.17938,1.17964,1.1792,1.17964
418,2021-07-26 10:35:00,1.17937,1.17941,1.1792,1.17929
419,2021-07-26 10:34:00,1.17937,1.17941,1.1792,1.1793
420,2021-07-26 10:33:00,1.17939,1.17946,1.1792,1.1792
421,2021-07-26 10:32:00,1.1793,1.1794,1.1792,1.1793
422,2021-07-26 10:31:00,1.1794,1.17941,1.1792,1.17936
423,2021-07-26 10:30:00,1.17945,1.17947,1.1792,1.17937
424,2021-07-26 10:29:00,1.1792,1.1795,1.1792,1.17945
425,2021-07-26 10:28:00,1.17951,1.17954,1.1792,1.17944
426,2021-07-26 10:27:00,1.1794,1.17954,1.1793,1.1795
427,2021-07-26 10:26:00,1.1792,1.17951,1.1792,1.17946
428,2021-07-26 10:25:00,1.17938,1.1795,1.1792,1.1793
429,2021-07-26 10:24:00,1.17933,1.17947,1.1792,1.17939
430,2021-07-26 10:23:00,1.17934,1.1794,1.1792,1.17934
431,2021-07-26 10:22:00,1.17924,1.1794,1.1791,1.1793
432,2021-07-26 10:21:00,1.17931,1.17937,1.1791,1.17924
433,2021-07-26 10:20:00,1.17933,1.17938,1.1791,1.17931
434,2021-07-26 10:19:00,1.17931,1.17944,1.1792,1.17933
435,2021-07-26 10:18:00,1.17943,1.1795,1.1792,1.1792
436,2021-07-26 10:17:00,1.17951,1.17951,1.1792,1.1793
437,2021-07-26 10:16:00,1.1794,1.17958,1.1793,1.1795
438,2021-07-26 10:15:00,1.17946,1.17956,1.1793,1.17953
439,2021-07-26 10:14:00,1.17943,1.17954,1.1793,1.17947
440,2021-07-26 10:13:00,1.1796,1.17961,1.1792,1.17941
441,2021-07-26 10:12:00,1.17963,1.1797,1.1794,1.17961
442,2021-07-26 10:11:00,1.17967,1.17984,1.1795,1.1795
443,2021-07-26 10:10:00,1.17968,1.17975,1.1794,1.17968
444,2021-07-26 10:09:00,1.17964,1.17971,1.1795,1.17967
445,2021-07-26 10:08:00,1.17967,1.17968,1.1794,1.17961
446,2021-07-26 10:07:00,1.17968,1.1798,1.1795,1.17966
447,2021-07-26 10:06:00,1.17971,1.17978,1.1795,1.1797
448,2021-07-26 10:05:00,1.1795,1.17981,1.1794,1.17968
449,2021-07-26 10:04:00,1.1794,1.1796,1.1793,1.17958
450,2021-07-26 10:03:00,1.1795,1.17966,1.1793,1.17953
451,2021-07-26 10:02:00,1.1796,1.17977,1.1795,1.17963
452,2021-07-26 10:01:00,1.17984,1.17989,1.1795,1.17973
453,2021-07-26 10:00:00,1.17968,1.17991,1.1795,1.17983
454,2021-07-26 09:59:00,1.17975,1.17978,1.1795,1.17967
455,2021-07-26 09:58:00,1.1798,1.17982,1.1796,1.17978
456,2021-07-26 09:57:00,1.17987,1.17987,1.1796,1.17977
457,2021-07-26 09:56:00,1.1799,1.17994,1.1797,1.17985
458,2021-07-26 09:55:00,1.1797,1.17991,1.1796,1.1799
459,2021-07-26 09:54:00,1.17961,1.1799,1.1794,1.1798
460,2021-07-26 09:53:00,1.1797,1.17973,1.1794,1.17961
461,2021-07-26 09:52:00,1.17958,1.17973,1.1794,1.1796
462,2021-07-26 09:51:00,1.17955,1.1796,1.1792,1.17958
463,2021-07-26 09:50:00,1.17956,1.17961,1.1793,1.17956
464,2021-07-26 09:49:00,1.1795,1.17964,1.1793,1.1794
465,2021-07-26 09:48:00,1.17949,1.17954,1.1793,1.17951
466,2021-07-26 09:47:00,1.1793,1.1795,1.1792,1.17947
467,2021-07-26 09:46:00,1.17934,1.17945,1.1792,1.1792
468,2021-07-26 09:45:00,1.17934,1.1795,1.1792,1.1792
469,2021-07-26 09:44:00,1.17941,1.17943,1.1791,1.1792
470,2021-07-26 09:43:00,1.17947,1.1795,1.1792,1.17939
471,2021-07-26 09:42:00,1.17934,1.1795,1.1792,1.1793
472,2021-07-26 09:41:00,1.1794,1.1796,1.1791,1.17936
473,2021-07-26 09:40:00,1.17948,1.1795,1.1793,1.17939
474,2021-07-26 09:39:00,1.17947,1.1795,1.1793,1.17948
475,2021-07-26 09:38:00,1.17943,1.17951,1.1792,1.17949
476,2021-07-26 09:37:00,1.17947,1.1795,1.1792,1.17941
477,2021-07-26 09:36:00,1.17946,1.1795,1.1793,1.17946
478,2021-07-26 09:35:00,1.17948,1.17951,1.1792,1.17949
479,2021-07-26 09:34:00,1.17949,1.17951,1.1793,1.17945
480,2021-07-26 09:33:00,1.1794,1.1795,1.1792,1.1793
481,2021-07-26 09:32:00,1.17939,1.1795,1.1792,1.1792
482,2021-07-26 09:31:00,1.17929,1.17945,1.1791,1.1793
483,2021-07-26 09:30:00,1.1791,1.17933,1.1791,1.17927
484,2021-07-26 09:29:00,1.179,1.17921,1.1788,1.17921
485,2021-07-26 09:28:00,1.17914,1.17919,1.1789,1.1789
486,2021-07-26 09:27:00,1.17928,1.17931,1.179,1.17912
487,2021-07-26 09:26:00,1.1793,1.17936,1.1791,1.17926
488,2021-07-26 09:25:00,1.17914,1.17933,1.179,1.17924
489,2021-07-26 09:24:00,1.17913,1.17922,1.1789,1.17914
490,2021-07-26 09:23:00,1.17916,1.17919,1.1789,1.17914
491,2021-07-26 09:22:00,1.17904,1.17924,1.1788,1.17916
492,2021-07-26 09:21:00,1.17907,1.17914,1.1788,1.17903
493,2021-07-26 09:20:00,1.179,1.17928,1.1789,1.17905
494,2021-07-26 09:19:00,1.17907,1.1791,1.1788,1.17904
495,2021-07-26 09:18:00,1.17904,1.17916,1.1789,1.179
496,2021-07-26 09:17:00,1.179,1.17917,1.1788,1.17904
497,2021-07-26 09:16:00,1.17924,1.17929,1.179,1.17914
498,2021-07-26 09:15:00,1.17897,1.17936,1.1788,1.1791
499,2021-07-26 09:14:00,1.1789,1.179,1.1787,1.1789
500,2021-07-26 09:13:00,1.17888,1.179,1.1787,1.1789
501,2021-07-26 09:12:00,1.17896,1.179,1.1787,1.17888
502,2021-07-26 09:11:00,1.17885,1.17902,1.1787,1.17896
503,2021-07-26 09:10:00,1.17897,1.17904,1.1787,1.17883
504,2021-07-26 09:09:00,1.1789,1.17903,1.1787,1.17899
505,2021-07-26 09:08:00,1.1788,1.17896,1.1786,1.17887
506,2021-07-26 09:07:00,1.1788,1.17896,1.1786,1.17893
507,2021-07-26 09:06:00,1.17884,1.17888,1.1785,1.17879
508,2021-07-26 09:05:00,1.17875,1.1789,1.1786,1.1787
509,2021-07-26 09:04:00,1.17846,1.17875,1.17819,1.17875
510,2021-07-26 09:03:00,1.17833,1.17851,1.17819,1.17846
511,2021-07-26 09:02:00,1.17831,1.17844,1.17819,1.17819
512,2021-07-26 09:01:00,1.17819,1.17836,1.178,1.17833
513,2021-07-26 09:00:00,1.17839,1.17839,1.1779,1.17821
514,2021-07-26 08:59:00,1.17829,1.17856,1.17819,1.17829
515,2021-07-26 08:58:00,1.1785,1.17863,1.17819,1.17848
516,2021-07-26 08:57:00,1.17855,1.17856,1.17819,1.17839
517,2021-07-26 08:56:00,1.17839,1.17861,1.17819,1.17856
518,2021-07-26 08:55:00,1.17829,1.17842,1.17809,1.17838
519,2021-07-26 08:54:00,1.17826,1.17829,1.178,1.17829
520,2021-07-26 08:53:00,1.17809,1.17839,1.178,1.17826
521,2021-07-26 08:52:00,1.17829,1.17839,1.17809,1.17821
522,2021-07-26 08:51:00,1.17817,1.17832,1.178,1.17819
523,2021-07-26 08:50:00,1.17819,1.17826,1.1779,1.178
524,2021-07-26 08:49:00,1.17804,1.17825,1.1779,1.17825
525,2021-07-26 08:48:00,1.17804,1.17809,1.1778,1.17802
526,2021-07-26 08:47:00,1.17799,1.17815,1.1777,1.17802
527,2021-07-26 08:46:00,1.1778,1.178,1.1777,1.1779
528,2021-07-26 08:45:00,1.17792,1.17795,1.1776,1.17791
529,2021-07-26 08:44:00,1.17787,1.178,1.1776,1.17792
530,2021-07-26 08:43:00,1.1776,1.1779,1.1775,1.17783
531,2021-07-26 08:42:00,1.17764,1.17777,1.1774,1.1775
532,2021-07-26 08:41:00,1.17766,1.17773,1.1775,1.17766
533,2021-07-26 08:40:00,1.17753,1.1777,1.1774,1.17765
534,2021-07-26 08:39:00,1.17751,1.17767,1.1773,1.1774
535,2021-07-26 08:38:00,1.17751,1.17772,1.1773,1.17753
536,2021-07-26 08:37:00,1.17757,1.1776,1.1773,1.17753
537,2021-07-26 08:36:00,1.1776,1.17765,1.1773,1.17757
538,2021-07-26 08:35:00,1.17746,1.17768,1.1772,1.17765
539,2021-07-26 08:34:00,1.17726,1.17748,1.177,1.17747
540,2021-07-26 08:33:00,1.17733,1.17734,1.177,1.1771
541,2021-07-26 08:32:00,1.17709,1.17734,1.1769,1.17734
542,2021-07-26 08:31:00,1.1771,1.17714,1.1769,1.177
543,2021-07-26 08:30:00,1.17716,1.17722,1.1769,1.177
544,2021-07-26 08:29:00,1.17716,1.1773,1.177,1.17716
545,2021-07-26 08:28:00,1.17724,1.17724,1.1769,1.17713
546,2021-07-26 08:27:00,1.17731,1.17731,1.177,1.17724
547,2021-07-26 08:26:00,1.17739,1.17739,1.177,1.17731
548,2021-07-26 08:25:00,1.17747,1.17753,1.1772,1.17738
549,2021-07-26 08:24:00,1.1775,1.17751,1.1772,1.1774
550,2021-07-26 08:23:00,1.1774,1.17755,1.1773,1.17751
551,2021-07-26 08:22:00,1.17747,1.17755,1.1772,1.1774
552,2021-07-26 08:21:00,1.17731,1.17747,1.1771,1.17744
553,2021-07-26 08:20:00,1.17746,1.17748,1.1771,1.17731
554,2021-07-26 08:19:00,1.1772,1.17747,1.1771,1.17743
555,2021-07-26 08:18:00,1.17712,1.17734,1.177,1.17731
556,2021-07-26 08:17:00,1.17696,1.17714,1.1767,1.177
557,2021-07-26 08:16:00,1.17702,1.17702,1.1767,1.17696
558,2021-07-26 08:15:00,1.1768,1.17705,1.1766,1.17702
559,2021-07-26 08:14:00,1.17707,1.1772,1.1768,1.177
560,2021-07-26 08:13:00,1.1773,1.17741,1.1768,1.1769
561,2021-07-26 08:12:00,1.17738,1.17741,1.177,1.17738
562,2021-07-26 08:11:00,1.17763,1.17766,1.1772,1.1773
563,2021-07-26 08:10:00,1.1775,1.17766,1.1771,1.1775
564,2021-07-26 08:09:00,1.17798,1.17798,1.1772,1.17751
565,2021-07-26 08:08:00,1.1778,1.17799,1.1777,1.17798
566,2021-07-26 08:07:00,1.1779,1.17817,1.1776,1.17785
567,2021-07-26 08:06:00,1.1779,1.17818,1.1778,1.17802
568,2021-07-26 08:05:00,1.17815,1.17821,1.1778,1.178
569,2021-07-26 08:04:00,1.17795,1.17815,1.1777,1.17811
570,2021-07-26 08:03:00,1.17804,1.17805,1.1777,1.17794
571,2021-07-26 08:02:00,1.17819,1.17829,1.1778,1.17805
572,2021-07-26 08:01:00,1.1779,1.17825,1.1778,1.17809
573,2021-07-26 08:00:00,1.17833,1.17836,1.1777,1.17799
574,2021-07-26 07:59:00,1.17844,1.17845,1.17809,1.17835
575,2021-07-26 07:58:00,1.17829,1.1785,1.17819,1.17843
576,2021-07-26 07:57:00,1.17851,1.1786,1.17819,1.17839
577,2021-07-26 07:56:00,1.17883,1.17885,1.17829,1.17853
578,2021-07-26 07:55:00,1.17916,1.17917,1.1786,1.17884
579,2021-07-26 07:54:00,1.17914,1.17923,1.179,1.179
580,2021-07-26 07:53:00,1.1791,1.17922,1.179,1.17917
581,2021-07-26 07:52:00,1.1792,1.17948,1.1791,1.1791
582,2021-07-26 07:51:00,1.17934,1.1794,1.1791,1.17931
583,2021-07-26 07:50:00,1.1792,1.17934,1.1791,1.1792
584,2021-07-26 07:49:00,1.17933,1.17934,1.1791,1.17933
585,2021-07-26 07:48:00,1.1793,1.17945,1.1791,1.17933
586,2021-07-26 07:47:00,1.17941,1.17951,1.1792,1.17943
587,2021-07-26 07:46:00,1.17933,1.17945,1.1791,1.1793
588,2021-07-26 07:45:00,1.17946,1.17947,1.1791,1.17934
589,2021-07-26 07:44:00,1.17947,1.1795,1.1793,1.17944
590,2021-07-26 07:43:00,1.17947,1.17951,1.1793,1.17949
591,2021-07-26 07:42:00,1.17948,1.17951,1.1792,1.17949
592,2021-07-26 07:41:00,1.1795,1.1796,1.1792,1.17945
593,2021-07-26 07:40:00,1.17966,1.17972,1.1794,1.17958
594,2021-07-26 07:39:00,1.17973,1.17983,1.1795,1.1795
595,2021-07-26 07:38:00,1.17972,1.17978,1.1795,1.17971
596,2021-07-26 07:37:00,1.1796,1.17981,1.1794,1.1797
597,2021-07-26 07:36:00,1.17961,1.17972,1.1794,1.17968
598,2021-07-26 07:35:00,1.1796,1.1798,1.1794,1.17963
599,2021-07-26 07:34:00,1.1797,1.17987,1.1795,1.17971
600,2021-07-26 07:33:00,1.17989,1.1799,1.1795,1.17975
601,2021-07-26 07:32:00,1.17985,1.18002,1.1796,1.17988
602,2021-07-26 07:31:00,1.17974,1.17998,1.1796,1.17984
603,2021-07-26 07:30:00,1.17972,1.17991,1.1796,1.17977
604,2021-07-26 07:29:00,1.17957,1.17985,1.1794,1.1796
605,2021-07-26 07:28:00,1.17956,1.17968,1.1794,1.1794
606,2021-07-26 07:27:00,1.1796,1.17973,1.1794,1.17958
607,2021-07-26 07:26:00,1.1796,1.17978,1.1794,1.1796
608,2021-07-26 07:25:00,1.1798,1.18002,1.1795,1.17973
609,2021-07-26 07:24:00,1.17907,1.17992,1.1789,1.17991
610,2021-07-26 07:23:00,1.17885,1.17911,1.1787,1.179
611,2021-07-26 07:22:00,1.17888,1.1789,1.1786,1.1787
612,2021-07-26 07:21:00,1.17888,1.17895,1.1786,1.1787
613,2021-07-26 07:20:00,1.1788,1.17902,1.1787,1.17884
614,2021-07-26 07:19:00,1.1788,1.17902,1.1787,1.1789
615,2021-07-26 07:18:00,1.1787,1.17899,1.1786,1.17895
616,2021-07-26 07:17:00,1.1787,1.17894,1.1785,1.17873
617,2021-07-26 07:16:00,1.17848,1.1788,1.17829,1.17873
618,2021-07-26 07:15:00,1.17825,1.1785,1.17809,1.17846
619,2021-07-26 07:14:00,1.1779,1.17827,1.1778,1.17819
620,2021-07-26 07:13:00,1.17778,1.17799,1.1777,1.1778
621,2021-07-26 07:12:00,1.1779,1.17795,1.1776,1.17778
622,2021-07-26 07:11:00,1.17794,1.17801,1.1777,1.17789
623,2021-07-26 07:10:00,1.17794,1.17802,1.1777,1.17792
624,2021-07-26 07:09:00,1.17795,1.17804,1.1777,1.1778
625,2021-07-26 07:08:00,1.17783,1.17807,1.1776,1.17797
626,2021-07-26 07:07:00,1.17753,1.17785,1.1773,1.1778
627,2021-07-26 07:06:00,1.1777,1.17775,1.1774,1.17751
628,2021-07-26 07:05:00,1.17768,1.17778,1.1775,1.1776
629,2021-07-26 07:04:00,1.17758,1.17774,1.1774,1.17768
630,2021-07-26 07:03:00,1.17772,1.17775,1.1773,1.1775
631,2021-07-26 07:02:00,1.17758,1.17773,1.1773,1.17772
632,2021-07-26 07:01:00,1.17729,1.17764,1.1771,1.17758
633,2021-07-26 07:00:00,1.17721,1.1774,1.1771,1.17724
634,2021-07-26 06:59:00,1.17717,1.17739,1.177,1.17719
635,2021-07-26 06:58:00,1.17731,1.17733,1.1769,1.17719
636,2021-07-26 06:57:00,1.17748,1.17755,1.1771,1.1772
637,2021-07-26 06:56:00,1.17745,1.17761,1.1773,1.1774
638,2021-07-26 06:55:00,1.17748,1.17757,1.1773,1.17744
639,2021-07-26 06:54:00,1.17738,1.17757,1.1772,1.17747
640,2021-07-26 06:53:00,1.17739,1.17748,1.1772,1.17734
641,2021-07-26 06:52:00,1.1775,1.17756,1.1771,1.1774
642,2021-07-26 06:51:00,1.17757,1.17761,1.1773,1.17748
643,2021-07-26 06:50:00,1.17755,1.17761,1.1774,1.17757
644,2021-07-26 06:49:00,1.17755,1.17771,1.1773,1.1774
645,2021-07-26 06:48:00,1.1774,1.17763,1.1773,1.1774
646,2021-07-26 06:47:00,1.1775,1.17768,1.1773,1.1773
647,2021-07-26 06:46:00,1.1774,1.17761,1.1773,1.1775
648,2021-07-26 06:45:00,1.17761,1.17768,1.1772,1.17748
649,2021-07-26 06:44:00,1.17758,1.17764,1.1774,1.17763
650,2021-07-26 06:43:00,1.17787,1.17787,1.1774,1.1775
651,2021-07-26 06:42:00,1.17792,1.17797,1.1777,1.1777
652,2021-07-26 06:41:00,1.17798,1.178,1.1777,1.1779
653,2021-07-26 06:40:00,1.17778,1.178,1.1777,1.17797
654,2021-07-26 06:39:00,1.17789,1.17795,1.1776,1.17778
655,2021-07-26 06:38:00,1.17794,1.17802,1.1777,1.1778
656,2021-07-26 06:37:00,1.17798,1.17799,1.1777,1.17792
657,2021-07-26 06:36:00,1.17805,1.17809,1.1778,1.1779
658,2021-07-26 06:35:00,1.17815,1.17819,1.1778,1.17804
659,2021-07-26 06:34:00,1.17821,1.17821,1.1779,1.17814
660,2021-07-26 06:33:00,1.17814,1.17821,1.1779,1.17809
661,2021-07-26 06:32:00,1.17809,1.17816,1.1778,1.17814
662,2021-07-26 06:31:00,1.17805,1.17812,1.1779,1.17809
663,2021-07-26 06:30:00,1.17795,1.17806,1.1777,1.17802
664,2021-07-26 06:29:00,1.17804,1.17806,1.1777,1.17795
665,2021-07-26 06:28:00,1.1778,1.17806,1.1777,1.1779
666,2021-07-26 06:27:00,1.17791,1.17795,1.1777,1.17789
667,2021-07-26 06:26:00,1.17789,1.17802,1.1777,1.17789
668,2021-07-26 06:25:00,1.17768,1.178,1.1776,1.17789
669,2021-07-26 06:24:00,1.1777,1.17778,1.1775,1.1776
670,2021-07-26 06:23:00,1.17781,1.17782,1.1776,1.17774
671,2021-07-26 06:22:00,1.17767,1.17782,1.1775,1.17778
672,2021-07-26 06:21:00,1.17775,1.17781,1.1775,1.17764
673,2021-07-26 06:20:00,1.17774,1.17777,1.1775,1.17772
674,2021-07-26 06:19:00,1.1776,1.1778,1.1776,1.17774
675,2021-07-26 06:18:00,1.17785,1.17785,1.1775,1.17774
676,2021-07-26 06:17:00,1.1777,1.17795,1.1776,1.17785
677,2021-07-26 06:16:00,1.1776,1.17782,1.1775,1.17777
678,2021-07-26 06:15:00,1.1779,1.17799,1.1776,1.17775
679,2021-07-26 06:14:00,1.1779,1.17804,1.1778,1.17798
680,2021-07-26 06:13:00,1.1779,1.17805,1.1777,1.17801
681,2021-07-26 06:12:00,1.1779,1.17809,1.1777,1.17791
682,2021-07-26 06:11:00,1.17809,1.17814,1.1778,1.1779
683,2021-07-26 06:10:00,1.17788,1.17824,1.1777,1.17811
684,2021-07-26 06:09:00,1.17785,1.1779,1.1776,1.17785
685,2021-07-26 06:08:00,1.17795,1.17808,1.1776,1.1777
686,2021-07-26 06:07:00,1.17804,1.17804,1.1777,1.17792
687,2021-07-26 06:06:00,1.1779,1.17814,1.1778,1.17802
688,2021-07-26 06:05:00,1.17806,1.17815,1.1779,1.17809
689,2021-07-26 06:04:00,1.17816,1.17816,1.1778,1.17806
690,2021-07-26 06:03:00,1.17817,1.17822,1.178,1.17814
691,2021-07-26 06:02:00,1.17812,1.17827,1.1779,1.17818
692,2021-07-26 06:01:00,1.17812,1.17816,1.1779,1.17812
693,2021-07-26 06:00:00,1.17833,1.17833,1.1778,1.17809
694,2021-07-26 05:59:00,1.17835,1.17839,1.17819,1.17832
695,2021-07-26 05:58:00,1.17835,1.17839,1.17809,1.17836
696,2021-07-26 05:57:00,1.17833,1.17839,1.17809,1.17835
697,2021-07-26 05:56:00,1.17836,1.17836,1.17809,1.17829
698,2021-07-26 05:55:00,1.17844,1.1785,1.17819,1.17836
699,2021-07-26 05:54:00,1.17839,1.1785,1.17819,1.17829
700,2021-07-26 05:53:00,1.17839,1.1785,1.17819,1.17839
701,2021-07-26 05:52:00,1.17845,1.17846,1.17819,1.17839
702,2021-07-26 05:51:00,1.17835,1.1785,1.17819,1.17839
703,2021-07-26 05:50:00,1.17827,1.17836,1.17809,1.17835
704,2021-07-26 05:49:00,1.17832,1.17833,1.17809,1.17828
705,2021-07-26 05:48:00,1.17819,1.17834,1.17819,1.17832
706,2021-07-26 05:47:00,1.17827,1.17831,1.17809,1.17829
707,2021-07-26 05:46:00,1.178,1.17833,1.178,1.17819
708,2021-07-26 05:45:00,1.17816,1.17819,1.1779,1.17809
709,2021-07-26 05:44:00,1.17818,1.17819,1.1779,1.17816
710,2021-07-26 05:43:00,1.17816,1.17819,1.1779,1.17815
711,2021-07-26 05:42:00,1.17812,1.17819,1.1779,1.17809
712,2021-07-26 05:41:00,1.17809,1.17816,1.1779,1.1779
713,2021-07-26 05:40:00,1.178,1.17821,1.1779,1.17809
714,2021-07-26 05:39:00,1.17811,1.17819,1.1779,1.17816
715,2021-07-26 05:38:00,1.17805,1.17809,1.1778,1.17809
716,2021-07-26 05:37:00,1.1778,1.17811,1.1778,1.17805
717,2021-07-26 05:36:00,1.17805,1.17805,1.1778,1.1779
718,2021-07-26 05:35:00,1.178,1.17807,1.1778,1.17805
719,2021-07-26 05:34:00,1.17804,1.17809,1.1779,1.17807
720,2021-07-26 05:33:00,1.17805,1.17808,1.1778,1.17804
721,2021-07-26 05:32:00,1.17807,1.17812,1.1778,1.178
722,2021-07-26 05:31:00,1.17802,1.17811,1.1779,1.178
723,2021-07-26 05:30:00,1.17805,1.17806,1.1778,1.1778
724,2021-07-26 05:29:00,1.17805,1.17806,1.1778,1.178
725,2021-07-26 05:28:00,1.17809,1.17809,1.1779,1.17805
726,2021-07-26 05:27:00,1.178,1.17811,1.1779,1.17808
727,2021-07-26 05:26:00,1.17809,1.17811,1.1779,1.17804
728,2021-07-26 05:25:00,1.17812,1.17817,1.1779,1.17808
729,2021-07-26 05:24:00,1.17809,1.17817,1.1779,1.178
730,2021-07-26 05:23:00,1.1779,1.17811,1.1779,1.178
731,2021-07-26 05:22:00,1.1779,1.17809,1.1779,1.17806
732,2021-07-26 05:21:00,1.17804,1.17806,1.1778,1.178
733,2021-07-26 05:20:00,1.17798,1.17809,1.1779,1.17804
734,2021-07-26 05:19:00,1.17798,1.17802,1.1778,1.1779
735,2021-07-26 05:18:00,1.178,1.17801,1.1778,1.17797
736,2021-07-26 05:17:00,1.1777,1.17802,1.1777,1.178
737,2021-07-26 05:16:00,1.1778,1.1779,1.1777,1.1778
738,2021-07-26 05:15:00,1.17784,1.17792,1.1778,1.17789
739,2021-07-26 05:14:00,1.17788,1.1779,1.1777,1.17783
740,2021-07-26 05:13:00,1.17778,1.17792,1.1776,1.17788
741,2021-07-26 05:12:00,1.17777,1.1778,1.1776,1.17777
742,2021-07-26 05:11:00,1.1775,1.17775,1.1775,1.17775
743,2021-07-26 05:10:00,1.1775,1.17775,1.1775,1.1776
744,2021-07-26 05:09:00,1.17768,1.17771,1.1775,1.17767
745,2021-07-26 05:08:00,1.17764,1.17771,1.1775,1.17766
746,2021-07-26 05:07:00,1.17761,1.17765,1.1774,1.17764
747,2021-07-26 05:06:00,1.17768,1.1777,1.1774,1.1775
748,2021-07-26 05:05:00,1.17774,1.17777,1.1775,1.17768
749,2021-07-26 05:04:00,1.1776,1.1778,1.1776,1.17773
750,2021-07-26 05:03:00,1.17777,1.1778,1.1776,1.17777
751,2021-07-26 05:02:00,1.17775,1.1778,1.1776,1.17778
752,2021-07-26 05:01:00,1.1777,1.17788,1.1776,1.1776
753,2021-07-26 05:00:00,1.17784,1.1779,1.1777,1.17785
754,2021-07-26 04:59:00,1.17792,1.17792,1.1777,1.1778
755,2021-07-26 04:58:00,1.1778,1.178,1.1778,1.1779
756,2021-07-26 04:57:00,1.17788,1.1779,1.1777,1.17789
757,2021-07-26 04:56:00,1.1779,1.17798,1.1776,1.1777
758,2021-07-26 04:55:00,1.178,1.17802,1.1779,1.178
759,2021-07-26 04:54:00,1.17797,1.17802,1.1778,1.17799
760,2021-07-26 04:53:00,1.17795,1.178,1.1778,1.17798
761,2021-07-26 04:52:00,1.1778,1.178,1.1778,1.1779
762,2021-07-26 04:51:00,1.17797,1.17797,1.1778,1.17794
763,2021-07-26 04:50:00,1.17795,1.178,1.1778,1.1778
764,2021-07-26 04:49:00,1.1778,1.178,1.1778,1.17794
765,2021-07-26 04:48:00,1.17795,1.17795,1.1777,1.17794
766,2021-07-26 04:47:00,1.17794,1.17795,1.1778,1.17794
767,2021-07-26 04:46:00,1.17797,1.178,1.1778,1.17794
768,2021-07-26 04:45:00,1.17797,1.17799,1.1777,1.1778
769,2021-07-26 04:44:00,1.17795,1.178,1.1778,1.17795
770,2021-07-26 04:43:00,1.1777,1.178,1.1777,1.17795
771,2021-07-26 04:42:00,1.1778,1.1779,1.1777,1.17788
772,2021-07-26 04:41:00,1.17787,1.1779,1.1777,1.1777
773,2021-07-26 04:40:00,1.1779,1.1779,1.1777,1.17785
774,2021-07-26 04:39:00,1.17789,1.1779,1.1777,1.1778
775,2021-07-26 04:38:00,1.17789,1.17792,1.1777,1.1778
776,2021-07-26 04:37:00,1.17791,1.17792,1.1777,1.17788
777,2021-07-26 04:36:00,1.17785,1.17792,1.1777,1.1778
778,2021-07-26 04:35:00,1.17785,1.1779,1.1777,1.17785
779,2021-07-26 04:34:00,1.17781,1.1779,1.1777,1.1777
780,2021-07-26 04:33:00,1.1777,1.17785,1.1777,1.1777
781,2021-07-26 04:32:00,1.17775,1.17785,1.1776,1.17785
782,2021-07-26 04:31:00,1.17774,1.17777,1.1776,1.17774
783,2021-07-26 04:30:00,1.17777,1.17778,1.1776,1.17774
784,2021-07-26 04:29:00,1.17773,1.1778,1.1775,1.17775
785,2021-07-26 04:28:00,1.17768,1.17778,1.1775,1.17771
786,2021-07-26 04:27:00,1.1777,1.17771,1.1775,1.17768
787,2021-07-26 04:26:00,1.17764,1.1777,1.1775,1.17768
788,2021-07-26 04:25:00,1.17765,1.1777,1.1775,1.17765
789,2021-07-26 04:24:00,1.1777,1.17773,1.1775,1.17764
790,2021-07-26 04:23:00,1.17768,1.1777,1.1775,1.17768
791,2021-07-26 04:22:00,1.17765,1.17771,1.1775,1.17767
792,2021-07-26 04:21:00,1.17761,1.17766,1.1775,1.17764
793,2021-07-26 04:20:00,1.17775,1.17777,1.1775,1.17765
794,2021-07-26 04:19:00,1.17775,1.1778,1.1776,1.1777
795,2021-07-26 04:18:00,1.17778,1.1778,1.1776,1.1777
796,2021-07-26 04:17:00,1.17781,1.17781,1.1776,1.17778
797,2021-07-26 04:16:00,1.1778,1.1779,1.1776,1.17781
798,2021-07-26 04:15:00,1.17781,1.1779,1.1776,1.17783
799,2021-07-26 04:14:00,1.17781,1.17782,1.1777,1.17781
800,2021-07-26 04:13:00,1.17785,1.17785,1.1776,1.1778
801,2021-07-26 04:12:00,1.1777,1.17785,1.1777,1.17783
802,2021-07-26 04:11:00,1.1779,1.17791,1.1776,1.1777
803,2021-07-26 04:10:00,1.1777,1.17791,1.1777,1.1778
804,2021-07-26 04:09:00,1.17783,1.1779,1.1777,1.1778
805,2021-07-26 04:08:00,1.1779,1.1779,1.1777,1.17785
806,2021-07-26 04:07:00,1.17785,1.1779,1.1777,1.17785
807,2021-07-26 04:06:00,1.17785,1.17787,1.1777,1.17783
808,2021-07-26 04:05:00,1.17785,1.17785,1.1777,1.17785
809,2021-07-26 04:04:00,1.17784,1.17785,1.1777,1.17784
810,2021-07-26 04:03:00,1.17788,1.17789,1.1777,1.1777
811,2021-07-26 04:02:00,1.1779,1.17795,1.1777,1.17784
812,2021-07-26 04:01:00,1.17785,1.1779,1.1777,1.17789
813,2021-07-26 04:00:00,1.17785,1.1779,1.1777,1.17785
814,2021-07-26 03:59:00,1.1778,1.1779,1.1777,1.17784
815,2021-07-26 03:58:00,1.17785,1.1779,1.1777,1.1777
816,2021-07-26 03:57:00,1.1778,1.17785,1.1777,1.17785
817,2021-07-26 03:56:00,1.17775,1.17782,1.1776,1.1777
818,2021-07-26 03:55:00,1.17774,1.1778,1.1776,1.17773
819,2021-07-26 03:54:00,1.17775,1.1778,1.1776,1.17775
820,2021-07-26 03:53:00,1.17773,1.17775,1.1775,1.1777
821,2021-07-26 03:52:00,1.17775,1.1778,1.1775,1.17772
822,2021-07-26 03:51:00,1.1776,1.17775,1.1776,1.1776
823,2021-07-26 03:50:00,1.1776,1.17772,1.1775,1.1776
824,2021-07-26 03:49:00,1.1776,1.17766,1.1774,1.17763
825,2021-07-26 03:48:00,1.17753,1.17761,1.1774,1.1776
826,2021-07-26 03:47:00,1.1776,1.17761,1.1774,1.17756
827,2021-07-26 03:46:00,1.1776,1.17761,1.1775,1.1776
828,2021-07-26 03:45:00,1.1776,1.17765,1.1774,1.17761
829,2021-07-26 03:44:00,1.17767,1.1777,1.1774,1.1775
830,2021-07-26 03:43:00,1.17764,1.1777,1.1775,1.1775
831,2021-07-26 03:42:00,1.1776,1.17766,1.1774,1.1775
832,2021-07-26 03:41:00,1.17763,1.1777,1.1775,1.17766
833,2021-07-26 03:40:00,1.1775,1.1777,1.1775,1.17766
834,2021-07-26 03:39:00,1.17761,1.1777,1.1775,1.1776
835,2021-07-26 03:38:00,1.1774,1.17761,1.1774,1.17758
836,2021-07-26 03:37:00,1.17755,1.1776,1.1774,1.17756
837,2021-07-26 03:36:00,1.17755,1.17756,1.1773,1.1774
838,2021-07-26 03:35:00,1.17756,1.1776,1.1774,1.17754
839,2021-07-26 03:34:00,1.17746,1.17756,1.1773,1.17755
840,2021-07-26 03:33:00,1.17746,1.1775,1.1773,1.17744
841,2021-07-26 03:32:00,1.17746,1.17748,1.1772,1.1774
842,2021-07-26 03:31:00,1.17747,1.1775,1.1773,1.17745
843,2021-07-26 03:30:00,1.1775,1.17751,1.1773,1.1773
844,2021-07-26 03:29:00,1.17744,1.17751,1.1773,1.1774
845,2021-07-26 03:28:00,1.1773,1.1775,1.1772,1.17746
846,2021-07-26 03:27:00,1.1774,1.17746,1.1772,1.17741
847,2021-07-26 03:26:00,1.17739,1.17745,1.1772,1.1773
848,2021-07-26 03:25:00,1.17743,1.17745,1.1772,1.17739
849,2021-07-26 03:24:00,1.1774,1.17746,1.1772,1.1773
850,2021-07-26 03:23:00,1.1774,1.1775,1.1773,1.17744
851,2021-07-26 03:22:00,1.17745,1.17745,1.1772,1.17741
852,2021-07-26 03:21:00,1.17751,1.17754,1.1773,1.17745
853,2021-07-26 03:20:00,1.17756,1.17761,1.1773,1.17754
854,2021-07-26 03:19:00,1.1774,1.1776,1.1774,1.1774
855,2021-07-26 03:18:00,1.17764,1.17764,1.1774,1.17758
856,2021-07-26 03:17:00,1.1775,1.1777,1.1774,1.17763
857,2021-07-26 03:16:00,1.17761,1.1777,1.1775,1.17767
858,2021-07-26 03:15:00,1.17756,1.17766,1.1774,1.17761
859,2021-07-26 03:14:00,1.1776,1.17764,1.1774,1.1774
860,2021-07-26 03:13:00,1.17755,1.17761,1.1774,1.1774
861,2021-07-26 03:12:00,1.17755,1.17757,1.1774,1.17751
862,2021-07-26 03:11:00,1.17746,1.17761,1.1774,1.1774
863,2021-07-26 03:10:00,1.17741,1.1775,1.1773,1.1773
864,2021-07-26 03:09:00,1.17739,1.17743,1.1773,1.17741
865,2021-07-26 03:08:00,1.1773,1.17741,1.1772,1.1773
866,2021-07-26 03:07:00,1.1772,1.17731,1.1771,1.1771
867,2021-07-26 03:06:00,1.1772,1.17731,1.1772,1.17727
868,2021-07-26 03:05:00,1.17731,1.17733,1.1772,1.17729
869,2021-07-26 03:04:00,1.17712,1.17731,1.177,1.1772
870,2021-07-26 03:03:00,1.17709,1.17714,1.1769,1.177
871,2021-07-26 03:02:00,1.17707,1.17714,1.1769,1.17711
872,2021-07-26 03:01:00,1.17709,1.17714,1.1769,1.17707
873,2021-07-26 03:00:00,1.17717,1.1772,1.1769,1.177
874,2021-07-26 02:59:00,1.17734,1.17734,1.177,1.17717
875,2021-07-26 02:58:00,1.1773,1.17741,1.1772,1.17733
876,2021-07-26 02:57:00,1.1773,1.17736,1.1772,1.17733
877,2021-07-26 02:56:00,1.1773,1.17734,1.1771,1.17728
878,2021-07-26 02:55:00,1.17734,1.17734,1.1771,1.17729
879,2021-07-26 02:54:00,1.17729,1.17738,1.1771,1.17734
880,2021-07-26 02:53:00,1.17741,1.17745,1.1771,1.1772
881,2021-07-26 02:52:00,1.17746,1.17747,1.1772,1.17743
882,2021-07-26 02:51:00,1.17748,1.1775,1.1773,1.17745
883,2021-07-26 02:50:00,1.17751,1.17756,1.1773,1.17748
884,2021-07-26 02:49:00,1.17745,1.17751,1.1773,1.1774
885,2021-07-26 02:48:00,1.17737,1.17747,1.1772,1.1773
886,2021-07-26 02:47:00,1.1774,1.17741,1.1772,1.17739
887,2021-07-26 02:46:00,1.1774,1.1774,1.1772,1.1773
888,2021-07-26 02:45:00,1.17734,1.1774,1.1772,1.1773
889,2021-07-26 02:44:00,1.1773,1.17741,1.1772,1.1772
890,2021-07-26 02:43:00,1.17734,1.17743,1.1772,1.17741
891,2021-07-26 02:42:00,1.17739,1.1774,1.1772,1.17737
892,2021-07-26 02:41:00,1.17737,1.17741,1.1772,1.17737
893,2021-07-26 02:40:00,1.17746,1.1775,1.1772,1.17738
894,2021-07-26 02:39:00,1.17746,1.1775,1.1773,1.1773
895,2021-07-26 02:38:00,1.17747,1.1775,1.1773,1.17748
896,2021-07-26 02:37:00,1.1775,1.17753,1.1773,1.17748
897,2021-07-26 02:36:00,1.17748,1.17751,1.1774,1.1774
898,2021-07-26 02:35:00,1.17745,1.17751,1.1772,1.17748
899,2021-07-26 02:34:00,1.17741,1.1775,1.1773,1.17745
900,2021-07-26 02:33:00,1.17734,1.17741,1.1772,1.17738
901,2021-07-26 02:32:00,1.17734,1.17737,1.1772,1.17734
902,2021-07-26 02:31:00,1.17738,1.17741,1.1772,1.17736
903,2021-07-26 02:30:00,1.17747,1.17748,1.1772,1.17739
904,2021-07-26 02:29:00,1.17746,1.17751,1.1773,1.1773
905,2021-07-26 02:28:00,1.17741,1.17747,1.1773,1.17744
906,2021-07-26 02:27:00,1.17741,1.17745,1.1772,1.1773
907,2021-07-26 02:26:00,1.1774,1.17745,1.1773,1.17743
908,2021-07-26 02:25:00,1.17741,1.17746,1.1772,1.17739
909,2021-07-26 02:24:00,1.17736,1.17741,1.1772,1.17741
910,2021-07-26 02:23:00,1.1772,1.17741,1.1772,1.17734
911,2021-07-26 02:22:00,1.1773,1.17731,1.1772,1.17731
912,2021-07-26 02:21:00,1.1771,1.17731,1.1771,1.17728
913,2021-07-26 02:20:00,1.17724,1.17726,1.177,1.1772
914,2021-07-26 02:19:00,1.1771,1.1773,1.177,1.17723
915,2021-07-26 02:18:00,1.17717,1.17721,1.177,1.177
916,2021-07-26 02:17:00,1.1772,1.17721,1.177,1.17717
917,2021-07-26 02:16:00,1.17728,1.17731,1.177,1.1771
918,2021-07-26 02:15:00,1.17724,1.17731,1.1772,1.17729
919,2021-07-26 02:14:00,1.17721,1.17729,1.1771,1.17726
920,2021-07-26 02:13:00,1.17717,1.17721,1.177,1.177
921,2021-07-26 02:12:00,1.1771,1.17724,1.177,1.17717
922,2021-07-26 02:11:00,1.1772,1.17726,1.177,1.17723
923,2021-07-26 02:10:00,1.17723,1.17728,1.177,1.1771
924,2021-07-26 02:09:00,1.17731,1.17731,1.1771,1.17724
925,2021-07-26 02:08:00,1.17734,1.17736,1.1771,1.17728
926,2021-07-26 02:07:00,1.1773,1.17736,1.1772,1.1772
927,2021-07-26 02:06:00,1.1773,1.17731,1.1772,1.17729
928,2021-07-26 02:05:00,1.1773,1.17734,1.1771,1.1772
929,2021-07-26 02:04:00,1.17731,1.17738,1.1771,1.17728
930,2021-07-26 02:03:00,1.177,1.17733,1.177,1.17729
931,2021-07-26 02:02:00,1.17724,1.17726,1.177,1.17723
932,2021-07-26 02:01:00,1.17716,1.17726,1.177,1.17724
933,2021-07-26 02:00:00,1.1771,1.17716,1.177,1.177
934,2021-07-26 01:59:00,1.177,1.17712,1.1768,1.1771
935,2021-07-26 01:58:00,1.17714,1.17714,1.1768,1.177
936,2021-07-26 01:57:00,1.17711,1.17716,1.1769,1.17714
937,2021-07-26 01:56:00,1.17719,1.1772,1.1769,1.17709
938,2021-07-26 01:55:00,1.17716,1.17721,1.177,1.17719
939,2021-07-26 01:54:00,1.17714,1.1772,1.177,1.17716
940,2021-07-26 01:53:00,1.17714,1.17716,1.177,1.17714
941,2021-07-26 01:52:00,1.17714,1.17716,1.177,1.17713
942,2021-07-26 01:51:00,1.17714,1.17717,1.1769,1.17716
943,2021-07-26 01:50:00,1.17717,1.1772,1.1769,1.1771
944,2021-07-26 01:49:00,1.17716,1.17724,1.177,1.1771
945,2021-07-26 01:48:00,1.17717,1.1772,1.177,1.17714
946,2021-07-26 01:47:00,1.17714,1.17719,1.1769,1.17717
947,2021-07-26 01:46:00,1.17713,1.17719,1.1769,1.17714
948,2021-07-26 01:45:00,1.1771,1.17716,1.1769,1.177
949,2021-07-26 01:44:00,1.177,1.17717,1.1769,1.17709
950,2021-07-26 01:43:00,1.17716,1.17716,1.1769,1.17712
951,2021-07-26 01:42:00,1.17714,1.17722,1.177,1.17716
952,2021-07-26 01:41:00,1.17712,1.17722,1.177,1.17714
953,2021-07-26 01:40:00,1.17702,1.17712,1.1768,1.1771
954,2021-07-26 01:39:00,1.177,1.1771,1.1768,1.17702
955,2021-07-26 01:38:00,1.177,1.17703,1.1768,1.17702
956,2021-07-26 01:37:00,1.17706,1.17706,1.1768,1.17699
957,2021-07-26 01:36:00,1.17705,1.17712,1.1769,1.1769
958,2021-07-26 01:35:00,1.17704,1.1771,1.1768,1.17705
959,2021-07-26 01:34:00,1.17695,1.17706,1.1768,1.17705
960,2021-07-26 01:33:00,1.1768,1.177,1.1768,1.17694
961,2021-07-26 01:32:00,1.17692,1.17704,1.1768,1.17693
962,2021-07-26 01:31:00,1.17704,1.17707,1.1767,1.17694
963,2021-07-26 01:30:00,1.17711,1.17713,1.1769,1.17705
964,2021-07-26 01:29:00,1.17707,1.1772,1.1769,1.177
965,2021-07-26 01:28:00,1.1771,1.1771,1.1769,1.17707
966,2021-07-26 01:27:00,1.1771,1.17711,1.1769,1.1771
967,2021-07-26 01:26:00,1.17706,1.17713,1.1769,1.17709
968,2021-07-26 01:25:00,1.17696,1.1771,1.1767,1.17707
969,2021-07-26 01:24:00,1.1769,1.17713,1.1768,1.17696
970,2021-07-26 01:23:00,1.17704,1.17707,1.1768,1.177
971,2021-07-26 01:22:00,1.1771,1.1772,1.1769,1.1769
972,2021-07-26 01:21:00,1.17714,1.1772,1.1769,1.177
973,2021-07-26 01:20:00,1.17714,1.17726,1.1769,1.17717
974,2021-07-26 01:19:00,1.17706,1.17716,1.1769,1.1771
975,2021-07-26 01:18:00,1.17702,1.17707,1.1768,1.17706
976,2021-07-26 01:17:00,1.17699,1.17707,1.1768,1.177
977,2021-07-26 01:16:00,1.17685,1.17702,1.1767,1.17697
978,2021-07-26 01:15:00,1.1767,1.17687,1.1765,1.17687
979,2021-07-26 01:14:00,1.1768,1.17683,1.1765,1.17669
980,2021-07-26 01:13:00,1.17682,1.17685,1.1766,1.17683
981,2021-07-26 01:12:00,1.17686,1.1769,1.1766,1.1768
982,2021-07-26 01:11:00,1.17679,1.17687,1.1765,1.17685
983,2021-07-26 01:10:00,1.17689,1.17692,1.1766,1.1768
984,2021-07-26 01:09:00,1.17689,1.17693,1.1768,1.17689
985,2021-07-26 01:08:00,1.1768,1.17699,1.1767,1.1769
986,2021-07-26 01:07:00,1.17693,1.177,1.1767,1.1768
987,2021-07-26 01:06:00,1.17676,1.17693,1.1766,1.1769
988,2021-07-26 01:05:00,1.17673,1.1768,1.1766,1.17676
989,2021-07-26 01:04:00,1.17675,1.1768,1.1765,1.17669
990,2021-07-26 01:03:00,1.17675,1.17677,1.1765,1.1767
991,2021-07-26 01:02:00,1.17666,1.17677,1.1765,1.17673
992,2021-07-26 01:01:00,1.17658,1.1767,1.1765,1.17666
993,2021-07-26 01:00:00,1.17663,1.17667,1.17639,1.17658
994,2021-07-26 00:59:00,1.17649,1.17663,1.17629,1.17662
995,2021-07-26 00:58:00,1.17644,1.1765,1.17629,1.17629
996,2021-07-26 00:57:00,1.17643,1.17646,1.17609,1.17645
997,2021-07-26 00:56:00,1.17643,1.17645,1.17619,1.17629
998,2021-07-26 00:55:00,1.17649,1.17651,1.17619,1.17639
999,2021-07-26 00:54:00,1.17653,1.17656,1.17639,1.17649
1000,2021-07-26 00:53:00,1.17655,1.17655,1.17629,1.1765
1001,2021-07-26 00:52:00,1.17655,1.1766,1.17629,1.17653
1002,2021-07-26 00:51:00,1.17651,1.1766,1.17639,1.17656
1003,2021-07-26 00:50:00,1.17643,1.17653,1.17629,1.17651
1004,2021-07-26 00:49:00,1.17651,1.17652,1.17629,1.17644
1005,2021-07-26 00:48:00,1.17642,1.17652,1.17619,1.1765
1006,2021-07-26 00:47:00,1.17655,1.17655,1.17619,1.17629
1007,2021-07-26 00:46:00,1.17663,1.17665,1.17639,1.17639
1008,2021-07-26 00:45:00,1.17662,1.17666,1.1765,1.1765
1009,2021-07-26 00:44:00,1.1766,1.1767,1.17639,1.1766
1010,2021-07-26 00:43:00,1.1765,1.1766,1.17639,1.1766
1011,2021-07-26 00:42:00,1.1766,1.1766,1.17639,1.17652
1012,2021-07-26 00:41:00,1.17639,1.1766,1.17629,1.1766
1013,2021-07-26 00:40:00,1.17639,1.17661,1.17639,1.17656
1014,2021-07-26 00:39:00,1.17658,1.17662,1.17639,1.17656
1015,2021-07-26 00:38:00,1.17639,1.1766,1.17639,1.1765
1016,2021-07-26 00:37:00,1.17659,1.1766,1.17639,1.17655
1017,2021-07-26 00:36:00,1.17665,1.17667,1.17639,1.17655
1018,2021-07-26 00:35:00,1.17676,1.17677,1.1765,1.17666
1019,2021-07-26 00:34:00,1.1768,1.1768,1.1766,1.17676
1020,2021-07-26 00:33:00,1.1767,1.17683,1.1766,1.1768
1021,2021-07-26 00:32:00,1.1767,1.17682,1.1766,1.17679
1022,2021-07-26 00:31:00,1.17682,1.17682,1.1766,1.17677
1023,2021-07-26 00:30:00,1.17678,1.17685,1.1766,1.17682
1024,2021-07-26 00:29:00,1.17682,1.17685,1.1766,1.17679
1025,2021-07-26 00:28:00,1.1767,1.17685,1.1767,1.1768
1026,2021-07-26 00:27:00,1.1768,1.17682,1.1767,1.17679
1027,2021-07-26 00:26:00,1.17682,1.17685,1.1766,1.17679
1028,2021-07-26 00:25:00,1.17689,1.17692,1.1766,1.1767
1029,2021-07-26 00:24:00,1.17687,1.17692,1.1767,1.17686
1030,2021-07-26 00:23:00,1.17694,1.17697,1.1767,1.17687
1031,2021-07-26 00:22:00,1.17687,1.17696,1.1767,1.17695
1032,2021-07-26 00:21:00,1.17696,1.177,1.1767,1.17687
1033,2021-07-26 00:20:00,1.17706,1.1771,1.1768,1.1768
1034,2021-07-26 00:19:00,1.177,1.1771,1.1769,1.17706
1035,2021-07-26 00:18:00,1.17707,1.1771,1.1768,1.177
1036,2021-07-26 00:17:00,1.17697,1.17707,1.1768,1.17707
1037,2021-07-26 00:16:00,1.17692,1.177,1.1768,1.17695
1038,2021-07-26 00:15:00,1.17693,1.17697,1.1768,1.1768
1039,2021-07-26 00:14:00,1.17694,1.177,1.1768,1.17695
1040,2021-07-26 00:13:00,1.17695,1.177,1.1768,1.17693
1041,2021-07-26 00:12:00,1.17694,1.17696,1.1768,1.1768
1042,2021-07-26 00:11:00,1.17687,1.17696,1.1768,1.17694
1043,2021-07-26 00:10:00,1.1769,1.17695,1.1768,1.17689
1044,2021-07-26 00:09:00,1.17695,1.17697,1.1768,1.17689
1045,2021-07-26 00:08:00,1.17703,1.17704,1.1768,1.17695
1046,2021-07-26 00:07:00,1.17704,1.17705,1.1769,1.177
1047,2021-07-26 00:06:00,1.1771,1.17711,1.1769,1.177
1048,2021-07-26 00:05:00,1.1771,1.17716,1.177,1.17709
1049,2021-07-26 00:04:00,1.1771,1.17714,1.177,1.1771
1050,2021-07-26 00:03:00,1.1771,1.17714,1.1769,1.17709
1051,2021-07-26 00:02:00,1.17717,1.1772,1.177,1.1771
1052,2021-07-26 00:01:00,1.1771,1.17729,1.177,1.17714
1053,2021-07-26 00:00:00,1.1772,1.17734,1.1771,1.1772
1054,2021-07-25 23:59:00,1.1772,1.1773,1.1771,1.17729
1055,2021-07-25 23:58:00,1.1771,1.17727,1.1771,1.17723
1056,2021-07-25 23:57:00,1.1772,1.17726,1.1771,1.17723
1057,2021-07-25 23:56:00,1.17729,1.1773,1.1771,1.1771
1058,2021-07-25 23:55:00,1.17729,1.17731,1.1772,1.17729
1059,2021-07-25 23:54:00,1.1772,1.17731,1.1772,1.1773
1060,2021-07-25 23:53:00,1.17729,1.17731,1.1772,1.1772
1061,2021-07-25 23:52:00,1.17727,1.17731,1.17719,1.17729
1062,2021-07-25 23:51:00,1.17731,1.17731,1.1771,1.17727
1063,2021-07-25 23:50:00,1.17719,1.17731,1.1771,1.17729
1064,2021-07-25 23:49:00,1.17719,1.17723,1.177,1.17717
1065,2021-07-25 23:48:00,1.1772,1.17721,1.1771,1.17719
1066,2021-07-25 23:47:00,1.17717,1.17721,1.1771,1.1771
1067,2021-07-25 23:46:00,1.17719,1.17722,1.1771,1.17719
1068,2021-07-25 23:45:00,1.17724,1.17726,1.177,1.1772
1069,2021-07-25 23:44:00,1.17723,1.1773,1.1771,1.17724
1070,2021-07-25 23:43:00,1.17729,1.17731,1.1771,1.1771
1071,2021-07-25 23:42:00,1.17733,1.17733,1.1772,1.17729
1072,2021-07-25 23:41:00,1.17731,1.17734,1.1772,1.1772
1073,2021-07-25 23:40:00,1.17734,1.17734,1.1772,1.17731
1074,2021-07-25 23:39:00,1.17728,1.17734,1.1772,1.1772
1075,2021-07-25 23:38:00,1.17731,1.17734,1.1772,1.17729
1076,2021-07-25 23:37:00,1.1772,1.17734,1.1772,1.17733
1077,2021-07-25 23:36:00,1.17733,1.17738,1.1772,1.17734
1078,2021-07-25 23:35:00,1.1773,1.17736,1.1772,1.17734
1079,2021-07-25 23:34:00,1.17734,1.17736,1.1772,1.17734
1080,2021-07-25 23:33:00,1.17734,1.17738,1.1772,1.1773
1081,2021-07-25 23:32:00,1.17731,1.17736,1.1772,1.17728
1082,2021-07-25 23:31:00,1.17734,1.17736,1.1772,1.17728
1083,2021-07-25 23:30:00,1.1773,1.17738,1.1772,1.17731
1084,2021-07-25 23:29:00,1.1773,1.17734,1.1772,1.17731
1085,2021-07-25 23:28:00,1.17731,1.17734,1.1772,1.17731
1086,2021-07-25 23:27:00,1.17731,1.17731,1.1772,1.1773
1087,2021-07-25 23:26:00,1.17727,1.17731,1.1771,1.17728
1088,2021-07-25 23:25:00,1.17733,1.17734,1.1772,1.1773
1089,2021-07-25 23:24:00,1.17739,1.17739,1.1772,1.17731
1090,2021-07-25 23:23:00,1.17734,1.17741,1.1773,1.17734
1091,2021-07-25 23:22:00,1.17741,1.17741,1.1773,1.17739
1092,2021-07-25 23:21:00,1.17736,1.17741,1.1773,1.17741
1093,2021-07-25 23:20:00,1.17734,1.17741,1.1773,1.17736
1094,2021-07-25 23:19:00,1.17741,1.17741,1.1773,1.1773
1095,2021-07-25 23:18:00,1.17741,1.17743,1.1773,1.17741
1096,2021-07-25 23:17:00,1.1774,1.17741,1.1773,1.17739
1097,2021-07-25 23:16:00,1.17736,1.17745,1.1773,1.17741
1098,2021-07-25 23:15:00,1.17737,1.17741,1.1772,1.17734
1099,2021-07-25 23:14:00,1.17737,1.17737,1.1772,1.17733
1100,2021-07-25 23:13:00,1.17737,1.17738,1.1772,1.17736
1101,2021-07-25 23:12:00,1.17739,1.17741,1.1772,1.1772
1102,2021-07-25 23:11:00,1.17739,1.17741,1.1773,1.17737
1103,2021-07-25 23:10:00,1.1773,1.17741,1.1773,1.17737
1104,2021-07-25 23:09:00,1.1773,1.17741,1.1773,1.1773
1105,2021-07-25 23:08:00,1.1773,1.17738,1.1772,1.17733
1106,2021-07-25 23:07:00,1.17736,1.17737,1.1772,1.1772
1107,2021-07-25 23:06:00,1.17731,1.17737,1.1772,1.17734
1108,2021-07-25 23:05:00,1.17733,1.17737,1.1772,1.1772
1109,2021-07-25 23:04:00,1.17731,1.17737,1.1772,1.17734
1110,2021-07-25 23:03:00,1.17729,1.17731,1.1772,1.17724
1111,2021-07-25 23:02:00,1.17724,1.17731,1.1771,1.1772
1112,2021-07-25 23:01:00,1.17736,1.17737,1.1772,1.17722
1113,2021-07-25 23:00:00,1.17741,1.17741,1.1772,1.17734
1114,2021-07-25 22:59:00,1.17733,1.17741,1.1772,1.17741
1115,2021-07-25 22:58:00,1.17734,1.1774,1.1772,1.17731
1116,2021-07-25 22:57:00,1.17731,1.17737,1.1772,1.17736
1117,2021-07-25 22:56:00,1.17731,1.17731,1.17722,1.1773
1118,2021-07-25 22:55:00,1.17724,1.17731,1.17723,1.17731
1119,2021-07-25 22:54:00,1.17724,1.17731,1.1772,1.17726
1120,2021-07-25 22:53:00,1.17729,1.17731,1.17722,1.17728
1121,2021-07-25 22:52:00,1.1773,1.17733,1.17724,1.17728
1122,2021-07-25 22:51:00,1.17724,1.1773,1.17724,1.17729
1123,2021-07-25 22:50:00,1.17724,1.1773,1.17723,1.1773
1124,2021-07-25 22:49:00,1.17724,1.17729,1.17724,1.17729
1125,2021-07-25 22:48:00,1.17727,1.17731,1.17724,1.17727
1126,2021-07-25 22:47:00,1.17727,1.17727,1.17724,1.17724
1127,2021-07-25 22:46:00,1.17734,1.17736,1.1772,1.17724
1128,2021-07-25 22:45:00,1.17729,1.17736,1.17724,1.17733
1129,2021-07-25 22:44:00,1.1773,1.17733,1.17724,1.17731
1130,2021-07-25 22:43:00,1.17721,1.17731,1.1772,1.17729
1131,2021-07-25 22:42:00,1.17726,1.17728,1.17719,1.17723
1132,2021-07-25 22:41:00,1.17726,1.17729,1.1771,1.17723
1133,2021-07-25 22:40:00,1.17719,1.17724,1.17714,1.17724
1134,2021-07-25 22:39:00,1.17717,1.17724,1.1771,1.17721
1135,2021-07-25 22:38:00,1.17724,1.17729,1.1771,1.1771
1136,2021-07-25 22:37:00,1.17721,1.17727,1.17714,1.17721
1137,2021-07-25 22:36:00,1.1772,1.17727,1.1771,1.17723
1138,2021-07-25 22:35:00,1.17716,1.17723,1.1771,1.17717
1139,2021-07-25 22:34:00,1.17717,1.17724,1.1771,1.17719
1140,2021-07-25 22:33:00,1.17724,1.17724,1.17717,1.17721
1141,2021-07-25 22:32:00,1.17721,1.17724,1.1771,1.17721
1142,2021-07-25 22:31:00,1.17729,1.1773,1.1771,1.1772
1143,2021-07-25 22:30:00,1.17727,1.17738,1.1772,1.17724
1144,2021-07-25 22:29:00,1.17737,1.17737,1.1772,1.17726
1145,2021-07-25 22:28:00,1.17729,1.17737,1.1772,1.17733
1146,2021-07-25 22:27:00,1.17731,1.17734,1.17724,1.17731
1147,2021-07-25 22:26:00,1.17734,1.17736,1.17724,1.17736
1148,2021-07-25 22:25:00,1.17729,1.17736,1.1772,1.17733
1149,2021-07-25 22:24:00,1.17728,1.17733,1.17719,1.17731
1150,2021-07-25 22:23:00,1.17733,1.17734,1.17717,1.17724
1151,2021-07-25 22:22:00,1.17731,1.17734,1.1772,1.17731
1152,2021-07-25 22:21:00,1.17736,1.17743,1.17727,1.17734
1153,2021-07-25 22:20:00,1.17736,1.1774,1.1773,1.17739
1154,2021-07-25 22:19:00,1.17729,1.17739,1.1772,1.17738
1155,2021-07-25 22:18:00,1.17729,1.17734,1.1772,1.1773
1156,2021-07-25 22:17:00,1.17721,1.17734,1.1771,1.17724
1157,2021-07-25 22:16:00,1.17729,1.1773,1.1771,1.17717
1158,2021-07-25 22:15:00,1.17727,1.17731,1.1772,1.17724
1159,2021-07-25 22:14:00,1.17727,1.17731,1.17723,1.17728
1160,2021-07-25 22:13:00,1.17727,1.17734,1.1772,1.17731
1161,2021-07-25 22:12:00,1.17728,1.17731,1.1772,1.17726
1162,2021-07-25 22:11:00,1.17724,1.17731,1.1772,1.17722
1163,2021-07-25 22:10:00,1.17733,1.17733,1.1772,1.1773
1164,2021-07-25 22:09:00,1.17734,1.17737,1.1772,1.17733
1165,2021-07-25 22:08:00,1.17724,1.17734,1.17716,1.17731
1166,2021-07-25 22:07:00,1.17728,1.17728,1.1771,1.17721
1167,2021-07-25 22:06:00,1.17729,1.17731,1.1771,1.1772
1168,2021-07-25 22:05:00,1.17722,1.17729,1.17707,1.17727
1169,2021-07-25 22:04:00,1.17719,1.17724,1.17706,1.17717
1170,2021-07-25 22:03:00,1.17706,1.1772,1.1769,1.17719
1171,2021-07-25 22:02:00,1.17711,1.17714,1.1769,1.17711
1172,2021-07-25 22:01:00,1.17714,1.17717,1.17682,1.17711
1173,2021-07-25 22:00:00,1.17714,1.17728,1.17679,1.17707
1174,2021-07-25 21:59:00,1.17704,1.17704,1.17704,1.17704
1175,2021-07-25 21:58:00,1.17699,1.1773,1.17687,1.1773
1176,2021-07-25 21:57:00,1.1769,1.17714,1.17685,1.177
1177,2021-07-25 21:56:00,1.1769,1.17712,1.1768,1.17697
1178,2021-07-25 21:55:00,1.1769,1.17711,1.17678,1.17697
1179,2021-07-25 21:54:00,1.17706,1.17706,1.17678,1.17697
1180,2021-07-25 21:53:00,1.17709,1.1771,1.1768,1.1771
1181,2021-07-25 21:52:00,1.17705,1.1771,1.17678,1.17678
1182,2021-07-25 21:51:00,1.1769,1.17711,1.17678,1.17695
1183,2021-07-25 21:50:00,1.17702,1.1771,1.1768,1.17695
1184,2021-07-25 21:49:00,1.17707,1.1771,1.17676,1.1768
1185,2021-07-25 21:48:00,1.17707,1.17711,1.1768,1.1769
1186,2021-07-25 21:47:00,1.17694,1.1771,1.17677,1.17706
1187,2021-07-25 21:46:00,1.17706,1.1771,1.17687,1.17696
1188,2021-07-25 21:45:00,1.177,1.17707,1.17687,1.17693
1189,2021-07-25 21:44:00,1.177,1.17707,1.1769,1.177
1190,2021-07-25 21:43:00,1.17694,1.17712,1.1768,1.1768
1191,2021-07-25 21:42:00,1.17702,1.17712,1.1768,1.17705
1192,2021-07-25 21:41:00,1.17707,1.17707,1.17694,1.17703
1193,2021-07-25 21:40:00,1.17713,1.17713,1.177,1.17713
1194,2021-07-25 21:39:00,1.177,1.1772,1.17682,1.1771
1195,2021-07-25 21:38:00,1.1771,1.1772,1.17692,1.1771
1196,2021-07-25 21:37:00,1.1773,1.1773,1.17709,1.1771
1197,2021-07-25 21:36:00,1.17709,1.17724,1.177,1.177
1198,2021-07-25 21:35:00,1.17717,1.17736,1.17694,1.1772
1199,2021-07-25 21:34:00,1.17716,1.17736,1.17713,1.17717
1200,2021-07-25 21:33:00,1.17736,1.17737,1.17713,1.17713
1201,2021-07-25 21:32:00,1.17717,1.17737,1.17713,1.17719
1202,2021-07-25 21:31:00,1.17728,1.17736,1.1772,1.1772
1203,2021-07-25 21:30:00,1.17722,1.17731,1.17716,1.1772
1204,2021-07-25 21:29:00,1.17723,1.17723,1.17716,1.17722
1205,2021-07-25 21:28:00,1.17723,1.17734,1.17717,1.17722
1206,2021-07-25 21:27:00,1.17716,1.1774,1.1771,1.17731
1207,2021-07-25 21:26:00,1.17722,1.17741,1.17716,1.1772
1208,2021-07-25 21:25:00,1.17722,1.17743,1.1772,1.17736
1209,2021-07-25 21:24:00,1.17719,1.17728,1.17714,1.1772
1210,2021-07-25 21:23:00,1.17741,1.17741,1.17714,1.17722
1211,2021-07-25 21:22:00,1.17731,1.1774,1.17714,1.17728
1212,2021-07-25 21:21:00,1.17729,1.17736,1.17713,1.17717
1213,2021-07-25 21:20:00,1.17706,1.17706,1.1769,1.1769
1214,2021-07-25 21:19:00,1.1772,1.1772,1.17687,1.17687
1215,2021-07-25 21:18:00,1.1773,1.1773,1.1773,1.1773
1216,2021-07-25 21:17:00,1.17686,1.1773,1.17686,1.1773
1217,2021-07-25 21:16:00,1.177,1.17707,1.17686,1.17699
1218,2021-07-25 21:15:00,1.177,1.177,1.17687,1.17696
1219,2021-07-25 21:14:00,1.17696,1.17726,1.17696,1.17697
1220,2021-07-25 21:13:00,1.1771,1.1771,1.1771,1.1771
1221,2021-07-25 21:12:00,1.1772,1.1772,1.1771,1.1771
1222,2021-07-25 21:11:00,1.17687,1.1771,1.17687,1.17705
1223,2021-07-25 21:10:00,1.17699,1.17699,1.17699,1.17699
1224,2021-07-25 21:09:00,1.17697,1.17703,1.17696,1.17699
1225,2021-07-25 21:08:00,1.177,1.17724,1.177,1.1771
1226,2021-07-25 21:07:00,1.17726,1.17726,1.17726,1.17726
1227,2021-07-25 21:06:00,1.17705,1.1773,1.177,1.1771
1228,2021-07-25 21:05:00,1.17707,1.1774,1.17699,1.1771
1229,2021-07-25 21:04:00,1.17713,1.17713,1.1769,1.1769
1230,2021-07-25 21:03:00,1.17714,1.17714,1.17713,1.17714
1231,2021-07-25 21:02:00,1.17716,1.1774,1.177,1.17713
1232,2021-07-25 21:01:00,1.1772,1.1775,1.1769,1.17697
1233,2021-07-25 21:00:00,1.17726,1.1774,1.1769,1.1769
1234,2021-07-25 20:59:00,1.178,1.178,1.178,1.178
1235,2021-07-25 20:58:00,1.178,1.178,1.178,1.178
1236,2021-07-25 20:57:00,1.178,1.178,1.178,1.178
1237,2021-07-25 20:56:00,1.178,1.178,1.178,1.178
1238,2021-07-25 20:55:00,1.178,1.178,1.178,1.178
1239,2021-07-25 20:54:00,1.178,1.178,1.178,1.178
1240,2021-07-25 20:53:00,1.178,1.178,1.178,1.178
1241,2021-07-25 20:52:00,1.178,1.178,1.178,1.178
1242,2021-07-25 20:51:00,1.178,1.178,1.178,1.178
1243,2021-07-25 20:50:00,1.178,1.178,1.178,1.178
1244,2021-07-25 20:49:00,1.178,1.178,1.178,1.178
1245,2021-07-25 20:48:00,1.178,1.178,1.178,1.178
1246,2021-07-25 20:47:00,1.178,1.178,1.178,1.178
1247,2021-07-25 20:46:00,1.178,1.178,1.178,1.178
1248,2021-07-25 20:45:00,1.178,1.178,1.178,1.178
1249,2021-07-25 20:44:00,1.178,1.178,1.178,1.178
1250,2021-07-25 20:43:00,1.178,1.178,1.178,1.178
1251,2021-07-25 20:42:00,1.178,1.178,1.178,1.178
1252,2021-07-25 20:41:00,1.178,1.178,1.178,1.178
1253,2021-07-25 20:40:00,1.178,1.178,1.178,1.178
1254,2021-07-25 20:39:00,1.178,1.178,1.178,1.178
1255,2021-07-25 20:38:00,1.178,1.178,1.178,1.178
1256,2021-07-25 20:37:00,1.178,1.178,1.178,1.178
1257,2021-07-25 20:36:00,1.178,1.178,1.178,1.178
1258,2021-07-25 20:35:00,1.178,1.178,1.178,1.178
1259,2021-07-25 20:34:00,1.178,1.178,1.178,1.178
1260,2021-07-25 20:33:00,1.178,1.178,1.178,1.178
1261,2021-07-25 20:32:00,1.178,1.178,1.178,1.178
1262,2021-07-25 20:31:00,1.178,1.178,1.178,1.178
1263,2021-07-25 20:30:00,1.178,1.178,1.178,1.178
1264,2021-07-25 20:29:00,1.178,1.178,1.178,1.178
1265,2021-07-25 20:28:00,1.178,1.178,1.178,1.178
1266,2021-07-25 20:27:00,1.178,1.178,1.178,1.178
1267,2021-07-25 20:26:00,1.178,1.178,1.178,1.178
1268,2021-07-25 20:25:00,1.178,1.178,1.178,1.178
1269,2021-07-25 20:24:00,1.178,1.178,1.178,1.178
1270,2021-07-25 20:23:00,1.178,1.178,1.178,1.178
1271,2021-07-25 20:22:00,1.178,1.178,1.178,1.178
1272,2021-07-25 20:21:00,1.178,1.178,1.178,1.178
1273,2021-07-25 20:20:00,1.178,1.178,1.178,1.178
1274,2021-07-25 20:19:00,1.178,1.178,1.178,1.178
1275,2021-07-25 20:18:00,1.178,1.178,1.178,1.178
1276,2021-07-25 20:17:00,1.178,1.178,1.178,1.178
1277,2021-07-25 20:16:00,1.178,1.178,1.178,1.178
1278,2021-07-25 20:15:00,1.178,1.178,1.178,1.178
1279,2021-07-25 20:14:00,1.178,1.178,1.178,1.178
1280,2021-07-25 20:13:00,1.178,1.178,1.178,1.178
1281,2021-07-25 20:12:00,1.178,1.178,1.178,1.178
1282,2021-07-25 20:11:00,1.178,1.178,1.178,1.178
1283,2021-07-25 20:10:00,1.178,1.178,1.178,1.178
1284,2021-07-25 20:09:00,1.178,1.178,1.178,1.178
1285,2021-07-25 20:08:00,1.178,1.178,1.178,1.178
1286,2021-07-25 20:07:00,1.178,1.178,1.178,1.178
1287,2021-07-25 20:06:00,1.178,1.178,1.178,1.178
1288,2021-07-25 20:05:00,1.178,1.178,1.178,1.178
1289,2021-07-25 20:04:00,1.178,1.178,1.178,1.178
1290,2021-07-25 20:03:00,1.178,1.178,1.178,1.178
1291,2021-07-25 20:02:00,1.178,1.178,1.178,1.178
1292,2021-07-25 20:01:00,1.178,1.178,1.178,1.178
1293,2021-07-25 20:00:00,1.178,1.178,1.178,1.178
1294,2021-07-25 19:59:00,1.178,1.178,1.178,1.178
1295,2021-07-25 19:58:00,1.178,1.178,1.178,1.178
1296,2021-07-25 19:57:00,1.178,1.178,1.178,1.178
1297,2021-07-25 19:56:00,1.178,1.178,1.178,1.178
1298,2021-07-25 19:55:00,1.178,1.178,1.178,1.178
1299,2021-07-25 19:54:00,1.178,1.178,1.178,1.178
1300,2021-07-25 19:53:00,1.178,1.178,1.178,1.178
1301,2021-07-25 19:52:00,1.178,1.178,1.178,1.178
1302,2021-07-25 19:51:00,1.178,1.178,1.178,1.178
1303,2021-07-25 19:50:00,1.178,1.178,1.178,1.178
1304,2021-07-25 19:49:00,1.178,1.178,1.178,1.178
1305,2021-07-25 19:48:00,1.178,1.178,1.178,1.178
1306,2021-07-25 19:47:00,1.178,1.178,1.178,1.178
1307,2021-07-25 19:46:00,1.178,1.178,1.178,1.178
1308,2021-07-25 19:45:00,1.178,1.178,1.178,1.178
1309,2021-07-25 19:44:00,1.178,1.178,1.178,1.178
1310,2021-07-25 19:43:00,1.178,1.178,1.178,1.178
1311,2021-07-25 19:42:00,1.178,1.178,1.178,1.178
1312,2021-07-25 19:41:00,1.178,1.178,1.178,1.178
1313,2021-07-25 19:40:00,1.178,1.178,1.178,1.178
1314,2021-07-25 19:39:00,1.178,1.178,1.178,1.178
1315,2021-07-25 19:38:00,1.178,1.178,1.178,1.178
1316,2021-07-25 19:37:00,1.178,1.178,1.178,1.178
1317,2021-07-25 19:36:00,1.178,1.178,1.178,1.178
1318,2021-07-25 19:35:00,1.178,1.178,1.178,1.178
1319,2021-07-25 19:34:00,1.178,1.178,1.178,1.178
1320,2021-07-25 19:33:00,1.178,1.178,1.178,1.178
1321,2021-07-25 19:32:00,1.178,1.178,1.178,1.178
1322,2021-07-25 19:31:00,1.178,1.178,1.178,1.178
1323,2021-07-25 19:30:00,1.178,1.178,1.178,1.178
1324,2021-07-25 19:29:00,1.178,1.178,1.178,1.178
1325,2021-07-25 19:28:00,1.178,1.178,1.178,1.178
1326,2021-07-25 19:27:00,1.178,1.178,1.178,1.178
1327,2021-07-25 19:26:00,1.178,1.178,1.178,1.178
1328,2021-07-25 19:25:00,1.178,1.178,1.178,1.178
1329,2021-07-25 19:24:00,1.178,1.178,1.178,1.178
1330,2021-07-25 19:23:00,1.178,1.178,1.178,1.178
1331,2021-07-25 19:22:00,1.178,1.178,1.178,1.178
1332,2021-07-25 19:21:00,1.178,1.178,1.178,1.178
1333,2021-07-25 19:20:00,1.178,1.178,1.178,1.178
1334,2021-07-25 19:19:00,1.178,1.178,1.178,1.178
1335,2021-07-25 19:18:00,1.178,1.178,1.178,1.178
1336,2021-07-25 19:17:00,1.178,1.178,1.178,1.178
1337,2021-07-25 19:16:00,1.178,1.178,1.178,1.178
1338,2021-07-25 19:15:00,1.178,1.178,1.178,1.178
1339,2021-07-25 19:14:00,1.178,1.178,1.178,1.178
1340,2021-07-25 19:13:00,1.178,1.178,1.178,1.178
1341,2021-07-25 19:12:00,1.178,1.178,1.178,1.178
1342,2021-07-25 19:11:00,1.178,1.178,1.178,1.178
1343,2021-07-25 19:10:00,1.178,1.178,1.178,1.178
1344,2021-07-25 19:09:00,1.178,1.178,1.178,1.178
1345,2021-07-25 19:08:00,1.178,1.178,1.178,1.178
1346,2021-07-25 19:07:00,1.178,1.178,1.178,1.178
1347,2021-07-25 19:06:00,1.178,1.178,1.178,1.178
1348,2021-07-25 19:05:00,1.178,1.178,1.178,1.178
1349,2021-07-25 19:04:00,1.178,1.178,1.178,1.178
1350,2021-07-25 19:03:00,1.178,1.178,1.178,1.178
1351,2021-07-25 19:02:00,1.178,1.178,1.178,1.178
1352,2021-07-25 19:01:00,1.178,1.178,1.178,1.178
1353,2021-07-25 19:00:00,1.178,1.178,1.178,1.178
1354,2021-07-25 18:59:00,1.178,1.178,1.178,1.178
1355,2021-07-25 18:58:00,1.178,1.178,1.178,1.178
1356,2021-07-25 18:57:00,1.178,1.178,1.178,1.178
1357,2021-07-25 18:56:00,1.178,1.178,1.178,1.178
1358,2021-07-25 18:55:00,1.178,1.178,1.178,1.178
1359,2021-07-25 18:54:00,1.178,1.178,1.178,1.178
1360,2021-07-25 18:53:00,1.178,1.178,1.178,1.178
1361,2021-07-25 18:52:00,1.17809,1.17809,1.17809,1.17809
1362,2021-07-25 18:51:00,1.1785,1.1785,1.1785,1.1785
1363,2021-07-25 18:50:00,1.1785,1.1785,1.1785,1.1785
1364,2021-07-25 18:49:00,1.1785,1.1785,1.1785,1.1785
